Time,y_true,Seasonal naive,SARIMA,SARIMA_lo95,SARIMA_hi95,used_in_metrics
2017-03-21 10:00:00,46844.0,46489.0,43502.08943940608,36467.11689704994,51493.66366235454,True
2017-03-21 11:00:00,44482.0,45756.0,42580.283374285726,33527.76602140486,53324.50701413948,True
2017-03-21 12:00:00,43395.0,44916.0,40030.62102807428,30404.08389799422,51744.16901602937,True
2017-03-21 13:00:00,40218.0,41477.0,35943.143662493014,26735.894832117054,47307.82462246979,True
2017-03-21 14:00:00,35678.0,35993.0,31855.112942311815,23414.291456208084,42358.8415671691,True
2017-03-21 15:00:00,32350.0,30407.0,27797.52795846109,20292.561433164778,37180.25569152851,True
2017-03-21 16:00:00,27206.0,26307.0,25268.10906116778,18370.810413975756,33915.10683640099,True
2017-03-21 17:00:00,18538.0,24290.0,24867.400846416214,18031.500504071606,33452.89636993727,True
2017-03-21 18:00:00,26391.0,23146.0,22998.329615032544,16643.731482851064,30989.90317000667,True
2017-03-21 19:00:00,21459.0,22179.0,21798.751172163775,15749.862669665123,29414.289985886426,True
2017-03-21 20:00:00,20869.0,21095.0,21929.610537167504,15820.209546891458,29629.30609555985,True
2017-03-21 21:00:00,23503.0,23592.0,23203.951919532417,16713.75509056502,31392.10809352435,True
2017-03-21 22:00:00,28217.0,26683.0,25227.453567408764,18141.97786185152,34176.39784086834,True
2017-03-21 23:00:00,29034.0,28587.0,25027.501209130744,17967.421849941467,33954.69939349349,True
2017-03-22 00:00:00,24596.0,24331.0,24614.512971514116,17639.011153323467,33445.56105389036,True
2017-03-22 01:00:00,23313.0,22888.0,25843.993005549975,18485.060624247726,35172.39316216923,True
2017-03-22 02:00:00,25899.0,25633.0,27798.77332506731,19844.36025885828,37895.36350363793,True
2017-03-22 03:00:00,29092.0,28792.0,31303.307472570847,22301.444291916556,42744.879218507616,True
2017-03-22 04:00:00,34738.0,33250.0,35313.86348013083,25107.794847826583,48303.750167602455,True
2017-03-22 05:00:00,39087.0,36584.0,39026.193861561085,27690.826054790447,53473.224375477665,True
2017-03-22 06:00:00,40412.0,38149.0,40899.66615202048,28961.186010120688,56136.244281383115,True
2017-03-22 07:00:00,41672.0,40253.0,43199.64831986933,30527.918038259162,59394.12936274608,True
2017-03-22 08:00:00,43308.0,42170.0,44511.49913401042,31391.701044423477,61301.36036698293,True
2017-03-22 09:00:00,44265.0,43655.0,45352.98704962001,31921.273786411497,62565.16454172813,True
2017-03-22 10:00:00,43828.0,46489.0,44432.54984932685,31173.11188850232,61460.723091893924,True
2017-03-22 11:00:00,43690.0,45756.0,42934.213559561984,30030.27382988699,59539.8083809417,True
2017-03-22 12:00:00,43123.0,44916.0,39963.13285008887,27873.18787780649,55550.81122220765,True
2017-03-22 13:00:00,39715.0,41477.0,35667.436787627455,24812.04693743927,49687.98583202773,True
2017-03-22 14:00:00,34394.0,35993.0,31552.90897221619,21896.36771973977,44045.44401690395,True
2017-03-22 15:00:00,28931.0,30407.0,27539.288205596175,19067.263080836943,38516.3031214331,True
2017-03-22 16:00:00,24986.0,26307.0,25077.480202848037,17324.74480114489,35137.29355323135,True
2017-03-22 17:00:00,23118.0,24290.0,24747.916475484068,17060.79253448125,34736.780899611076,True
2017-03-22 18:00:00,22196.0,23146.0,22881.447492328163,15741.320364683257,32172.43881493445,True
2017-03-22 19:00:00,21525.0,22179.0,21696.169478311374,14895.310920716782,30557.83859070342,True
2017-03-22 20:00:00,21070.0,21095.0,21882.973379818846,14992.99148981748,30872.996093530128,True
2017-03-22 21:00:00,23463.0,23592.0,23122.50500900167,15810.144304557718,32676.577668004407,True
2017-03-22 22:00:00,26438.0,26683.0,25114.243616261567,17137.284652003746,35550.74345011295,True
2017-03-22 23:00:00,28278.0,28587.0,24855.64170057092,16926.581002059535,35243.4653465897,True
2017-03-23 00:00:00,24263.0,24331.0,24571.26726294184,16699.196840815064,34898.30679674013,True
2017-03-23 01:00:00,23110.0,22888.0,25898.493855044864,17565.8252086436,36844.43709344787,True
2017-03-23 02:00:00,25341.0,25633.0,27819.64124227216,18831.011754395553,39643.059948920716,True
2017-03-23 03:00:00,28441.0,28792.0,31329.643676520234,21164.511320351747,44718.426478719535,True
2017-03-23 04:00:00,33435.0,33250.0,35314.724595186824,23809.06313185062,50489.27305150577,True
2017-03-23 05:00:00,35972.0,36584.0,39032.44908643445,26263.303252115056,55895.63379823456,True
2017-03-23 06:00:00,37271.0,38149.0,40912.66809483884,27474.00661346876,58683.37187898429,True
2017-03-23 07:00:00,39322.0,40253.0,43214.45739340905,28962.603996673464,62085.159213099076,True
2017-03-23 08:00:00,41554.0,42170.0,44501.07520954902,29766.455470226472,64036.4137456588,True
2017-03-23 09:00:00,42731.0,43655.0,45317.58726315207,30253.469538032597,65315.664449667565,True
2017-03-23 10:00:00,42450.0,46489.0,44375.23969505377,29553.800196899803,64082.28141479026,True
2017-03-23 11:00:00,42235.0,45756.0,42862.414895482805,28479.928383662897,62015.301747853446,True
2017-03-23 12:00:00,41122.0,44916.0,39884.2531304645,26441.560887734315,57812.30013631563,True
2017-03-23 13:00:00,38320.0,41477.0,35590.56774452802,23543.865245601253,51679.92045689029,True
2017-03-23 14:00:00,34053.0,35993.0,31483.412314830042,20783.160679609042,45794.34734422018,True
2017-03-23 15:00:00,28510.0,30407.0,27479.114518332208,18102.704534699697,40036.46576955002,True
2017-03-23 16:00:00,24558.0,26307.0,25024.422160679496,16452.575259387093,36519.47471953681,True
2017-03-23 17:00:00,22881.0,24290.0,24698.101469073055,16205.990880936948,36101.080748208304,True
2017-03-23 18:00:00,22082.0,23146.0,22835.35352814133,14954.469765431846,33431.24396885432,True
2017-03-23 19:00:00,21103.0,22179.0,21652.916811329418,14152.627375275133,31750.002860129855,True
2017-03-23 20:00:00,20813.0,21095.0,21841.46464822747,14248.329641584167,32076.553520840967,True
2017-03-23 21:00:00,22801.0,23592.0,23077.719017850184,15025.867511147633,33944.88935361771,True
2017-03-23 22:00:00,26581.0,26683.0,25064.940623726277,16288.46506779925,36925.065304192954,True
2017-03-23 23:00:00,29352.0,28587.0,24804.985792228625,16088.715495934408,36598.58885341261,True
2017-03-24 00:00:00,25662.0,24331.0,24525.70327033764,15877.234487719244,36242.26214041441,True
2017-03-24 01:00:00,23399.0,22888.0,25854.0944476355,16705.397086817993,38263.83890323944,True
2017-03-24 02:00:00,26951.0,25633.0,27770.849973491673,17909.89368202242,41163.40816642348,True
2017-03-24 03:00:00,30255.0,28792.0,31275.017012853445,20131.69159160092,46428.006160880315,True
2017-03-24 04:00:00,31978.0,33250.0,35252.40961180219,22649.212889156533,52411.7715946527,True
2017-03-24 05:00:00,35714.0,36584.0,38964.03390357357,24986.91640925588,58017.44781478724,True
2017-03-24 06:00:00,37952.0,38149.0,40841.46998826317,26141.920580801958,60904.28044203993,True
2017-03-24 07:00:00,39119.0,40253.0,43139.59817819321,27561.48100301094,64427.50980403883,True
2017-03-24 08:00:00,42134.0,42170.0,44423.421616519176,28329.03197286108,66443.59534428833,True
2017-03-24 09:00:00,45340.0,43655.0,45237.980233127346,28795.13523498439,67762.16832933754,True
2017-03-24 10:00:00,42284.0,46489.0,44296.86123101799,28133.223140832066,66470.92133510328,True
2017-03-24 11:00:00,41382.0,45756.0,42786.47901803468,27114.74085635137,64316.40698967229,True
2017-03-24 12:00:00,40965.0,44916.0,39813.485758884504,25177.38599039957,59948.44058099972,True
2017-03-24 13:00:00,39061.0,41477.0,35527.46536704647,22421.030068449065,53582.16408624781,True
2017-03-24 14:00:00,35847.0,35993.0,31427.775108044807,19794.37114816291,47474.10215382309,True
2017-03-24 15:00:00,33288.0,30407.0,27430.772751904125,17243.431055513105,41500.28293578434,True
2017-03-24 16:00:00,27540.0,26307.0,24980.641423735917,15673.375710254595,37850.652812152024,True
2017-03-24 17:00:00,26180.0,24290.0,24655.158902312814,15440.14462306975,37413.19733450801,True
2017-03-24 18:00:00,29360.0,23146.0,22795.81429413736,14249.216981399593,34642.77355427339,True
2017-03-24 19:00:00,23729.0,22179.0,21615.59769067686,13486.54160594165,32897.333344571445,True
2017-03-24 20:00:00,22618.0,21095.0,21804.0519605428,13579.112376913361,33232.524744799855,True
2017-03-24 21:00:00,22901.0,23592.0,23038.324851963196,14321.489741933321,35164.734340784584,True
2017-03-24 22:00:00,24528.0,26683.0,25022.31445613841,15526.359847907876,38248.31512547184,True
2017-03-24 23:00:00,27732.0,28587.0,24762.919250163723,15337.353671680201,37906.46575389483,True
2017-03-25 00:00:00,30652.0,24331.0,24484.445340607883,15137.245039464055,37534.14908498955,True
2017-03-25 01:00:00,32130.0,22888.0,25810.914174349597,15928.350312661385,39624.313504835045,True
2017-03-25 02:00:00,32479.0,25633.0,27724.63237143275,17078.347194970098,42623.02591597648,True
2017-03-25 03:00:00,33845.0,28792.0,31223.205714164877,19198.716237212913,48069.98267094896,True
2017-03-25 04:00:00,36760.0,33250.0,35194.23961551694,21601.462797185923,54260.49909628989,True
2017-03-25 05:00:00,39756.0,36584.0,38900.037734666534,23833.115887872154,60058.650942363594,True
2017-03-25 06:00:00,42375.0,38149.0,40774.70385311291,24936.94623220952,63041.61006392774,True
2017-03-25 07:00:00,43965.0,40253.0,43069.39946429812,26293.316548449842,66682.79459284795,True
2017-03-25 08:00:00,45229.0,42170.0,44351.43599445755,27027.80529871053,68763.6200832619,True
2017-03-25 09:00:00,46141.0,43655.0,45164.983912381475,27474.760452428345,70122.3685429592,True
2017-03-25 10:00:00,46206.0,46489.0,44225.72158109498,26846.03806493355,68778.79780992906,True
2017-03-25 11:00:00,45148.0,45756.0,42718.09463368381,25876.78433257825,66542.66051462003,True
2017-03-25 12:00:00,42848.0,44916.0,39750.15909920295,24030.200702654503,62017.47486878864,True
2017-03-25 13:00:00,39184.0,41477.0,35471.23005575426,21401.394334857563,55426.38056184995,True
2017-03-25 14:00:00,35124.0,35993.0,31378.273301747813,18895.834560182495,49103.80280093095,True
2017-03-25 15:00:00,30133.0,30407.0,27387.779679558767,16462.065944259546,42921.328925520276,True
2017-03-25 16:00:00,26303.0,26307.0,24941.68263456296,14964.362922794957,39143.576884436436,True
2017-03-25 17:00:00,23655.0,24290.0,24616.899387736194,14742.838807981021,38688.15266393795,True
2017-03-25 18:00:00,22542.0,23146.0,22760.614041508547,13606.737207578562,35820.576322593486,True
2017-03-25 19:00:00,21979.0,22179.0,21582.385306978627,12879.418027538757,34013.23785841627,True
2017-03-25 20:00:00,21556.0,21095.0,21770.718996033444,12968.782329758558,34357.26081047455,True
2017-03-25 21:00:00,21995.0,23592.0,23003.28013636159,13678.789612078062,36352.210930400586,True
2017-03-25 22:00:00,23568.0,26683.0,24984.442924703682,14830.656021722183,39537.07350214668,True
2017-03-25 23:00:00,26476.0,28587.0,24725.628557111882,14651.158144570607,39180.91826874102,True
2017-03-26 00:00:00,29329.0,24331.0,24447.768076484423,14461.019613923434,38793.37110284367,True
2017-03-26 01:00:00,30865.0,22888.0,25772.45115053085,15217.84794375922,40950.80707430138,True
2017-03-26 02:00:00,32122.0,25633.0,27683.52794806394,16317.672122607704,44046.8668044917,True
2017-03-26 03:00:00,33364.0,28792.0,31177.15304832957,18344.849568528905,49672.39608481423,True
2017-03-26 04:00:00,35582.0,33250.0,35142.59751394025,20642.123082500948,56065.49516754575,True
2017-03-26 05:00:00,37991.0,36584.0,38843.255083725315,22776.182260323865,62052.395513117466,True
2017-03-26 06:00:00,40894.0,38149.0,40715.49603294982,23832.627493215954,65130.09764139651,True
2017-03-26 07:00:00,42834.0,40253.0,43007.18798049726,25130.56329863979,68887.43720460752,True
2017-03-26 08:00:00,45698.0,42170.0,44287.709617748005,25834.227039465597,71032.50165821133,True
2017-03-26 09:00:00,47121.0,43655.0,45100.431654762026,26263.106557866806,72431.49413196162,True
2017-03-26 10:00:00,47310.0,46489.0,44162.88105697847,25664.202376403267,71037.88822528892,True
2017-03-26 11:00:00,46314.0,45756.0,42657.74990816499,24739.55553388831,68722.91831819518,True
2017-03-26 12:00:00,44424.0,44916.0,39694.33168554991,22975.834633281407,64044.69918444069,True
2017-03-26 13:00:00,37582.0,41477.0,35421.69806489817,20463.814971141524,57234.11763557592,True
2017-03-26 14:00:00,30895.0,35993.0,31334.706543475953,18069.234931369545,50701.9242981459,True
2017-03-26 15:00:00,25740.0,30407.0,27349.969384127646,15742.944502758286,44315.38589517192,True
2017-03-26 16:00:00,24244.0,26307.0,24907.444538644577,14311.555639943894,40412.42414954071,True
2017-03-26 17:00:00,21486.0,24290.0,24583.298943853006,14100.547426548255,39939.82383686099,True
2017-03-26 18:00:00,20691.0,23146.0,22729.72412645112,13014.710982114766,36977.28717826849,True
2017-03-26 19:00:00,20360.0,22179.0,21553.26203494545,12319.75287628579,35109.54713934481,True
2017-03-26 20:00:00,22356.0,21095.0,21741.510852421925,12405.943922717084,35462.629170416716,True
2017-03-26 21:00:00,24821.0,23592.0,22972.59741485004,13085.876222748788,37519.643348116464,True
2017-03-26 22:00:00,27556.0,26683.0,24951.31262961415,14188.605683017242,40804.51042488825,True
2017-03-26 23:00:00,23806.0,28587.0,24693.034896619356,14017.650738390621,40434.71040964329,True
2017-03-27 00:00:00,22361.0,24331.0,24415.732659484092,13836.486845687701,40032.583071254136,True
2017-03-27 01:00:00,22533.0,22888.0,25738.880256809745,14561.41957610814,42256.64436972007,True
2017-03-27 02:00:00,25122.0,25633.0,27647.68280218632,15614.640074759047,45448.99251109408,True
2017-03-27 03:00:00,29338.0,28792.0,31137.026538109632,17555.410250704746,51250.8764568223,True
2017-03-27 04:00:00,33042.0,33250.0,35097.64014972756,19754.86169118462,57844.09703930137,True
2017-03-27 05:00:00,34781.0,36584.0,38793.86498310805,21798.324307763593,64017.59962317354,True
2017-03-27 06:00:00,35695.0,38149.0,40664.041123808565,22810.583788893524,67189.32347887986,True
2017-03-27 07:00:00,38039.0,40253.0,42953.17028261522,24054.079289769437,71061.852950852,True
2017-03-27 08:00:00,40862.0,42170.0,44232.42668340432,24728.8414985596,73270.9503917584,True
2017-03-27 09:00:00,41245.0,43655.0,45044.48353036054,25140.616621961475,74710.32527786406,True
2017-03-27 10:00:00,43320.0,46489.0,44108.471283758176,24568.8949957319,73268.1459552088,True
2017-03-27 11:00:00,41553.0,45756.0,42605.55369796321,23685.179827336066,70876.09995157737,True
2017-03-27 12:00:00,39345.0,44916.0,39646.09134537502,21997.92266358539,66047.4154468063,True
2017-03-27 13:00:00,35555.0,41477.0,35378.94046835895,19593.914597214374,59020.5690877581,True
2017-03-27 14:00:00,29739.0,35993.0,31297.13591105451,17302.04466901169,52281.710674989685,True
2017-03-27 15:00:00,27630.0,30407.0,27317.395584366433,15075.291325364782,45693.85484729149,True
2017-03-27 16:00:00,23807.0,26307.0,24877.977863399552,13705.280132124974,41667.442081806774,True
2017-03-27 17:00:00,23409.0,24290.0,24554.410341447758,13503.855739941406,41178.19826820908,True
2017-03-27 18:00:00,27138.0,23146.0,22703.193205221476,12464.551119531769,38122.02332999355,True
2017-03-27 19:00:00,22017.0,22179.0,21528.274422957915,11799.512471566442,36194.799231237324,True
2017-03-27 20:00:00,21721.0,21095.0,21716.476729573555,11882.601962630302,36557.139541363926,True
2017-03-27 21:00:00,26485.0,23592.0,22946.327555352073,12534.411938986828,38675.91147799179,True
2017-03-27 22:00:00,28800.0,26683.0,24922.977988138373,13591.270687053104,42060.15224279424,True
2017-03-27 23:00:00,24947.0,28587.0,24665.18996542812,13428.099172396114,41677.152916824314,True
2017-03-28 00:00:00,22828.0,24331.0,24388.395082378163,13255.126786826397,41260.888294327386,True
2017-03-28 01:00:00,22730.0,22888.0,25710.264413573077,13950.201362230699,43551.313496567855,True
2017-03-28 02:00:00,25680.0,25633.0,27617.16319189713,14959.850685375171,46839.4720553107,True
2017-03-28 03:00:00,29965.0,28792.0,31102.901026534037,16819.946097198823,52816.63054246269,True
2017-03-28 04:00:00,33170.0,33250.0,35059.450921709526,18928.04500027522,59608.787968103694,True
2017-03-28 05:00:00,35440.0,36584.0,38751.95995920578,20886.844643163415,65967.90177915574,True
2017-03-28 06:00:00,36333.0,38149.0,40620.43650783359,21857.671576179644,69233.41978170261,True
2017-03-28 07:00:00,38161.0,40253.0,42907.44943523671,23050.152880640086,73220.79961737689,True
2017-03-28 08:00:00,40395.0,42170.0,44185.69251650503,23697.70156331852,75493.99039133255,True
2017-03-28 09:00:00,41071.0,43655.0,44997.24602661818,24093.260200272765,76973.98899515996,True
2017-03-28 10:00:00,40543.0,46489.0,44062.59586017746,23546.584526641127,75484.17570930594,True
2017-03-28 11:00:00,41050.0,45756.0,42561.605623101765,22700.778665221485,73016.12074224459,True
2017-03-28 12:00:00,38677.0,44916.0,39605.53048119447,21084.649924480407,68038.4036484731,True
2017-03-28 13:00:00,35052.0,41477.0,35343.03961791183,18781.292879832727,60796.9972252217,True
2017-03-28 14:00:00,29323.0,35993.0,31265.63432064912,16585.183548567842,53853.005712496044,True
2017-03-28 15:00:00,25032.0,30407.0,27290.122048651505,14451.281163595857,47065.22856970784,True
2017-03-28 16:00:00,22239.0,26307.0,24853.3408446001,13138.497936431404,42916.2781792766,True
2017-03-28 17:00:00,21214.0,24290.0,24530.291249952475,12945.900990344284,42410.741003413816,True
2017-03-28 18:00:00,20709.0,23146.0,22681.074685408978,11949.987981789927,39261.6121922073,True
2017-03-28 19:00:00,19784.0,22179.0,21507.473214850314,11312.821828279579,37275.39892514993,True
2017-03-28 20:00:00,20964.0,21095.0,21695.667979099064,11392.899524155351,37647.18432893951,True
2017-03-28 21:00:00,25455.0,23592.0,22924.524871433983,12018.280058085524,39827.69867207905,True
2017-03-28 22:00:00,28267.0,26683.0,24899.498064512703,13032.084140630806,43311.18225779478,True
2017-03-28 23:00:00,23998.0,28587.0,24642.152242644912,12876.079036699022,42915.28107238901,True
2017-03-29 00:00:00,22574.0,24331.0,24365.813434868367,12710.659705803495,42485.171875944194,True
2017-03-29 01:00:00,22908.0,22888.0,25686.66509647467,13377.648623588862,44841.998642567465,True
2017-03-29 02:00:00,25273.0,25633.0,27592.035218242767,14346.353401061242,48225.94394298398,True
2017-03-29 03:00:00,30060.0,28792.0,31074.851091030112,16130.71737610117,54378.17412483824,True
2017-03-29 04:00:00,34274.0,33250.0,35028.114002822425,18153.046302618826,61369.070770564475,True
2017-03-29 05:00:00,35971.0,36584.0,38717.63321882081,20032.31401836594,67913.701196447,True
2017-03-29 06:00:00,36527.0,38149.0,40584.78006397875,20964.116191923746,71273.17961261755,True
2017-03-29 07:00:00,37941.0,40253.0,42870.12900885358,22108.572451344207,75375.56630401147,True
2017-03-29 08:00:00,38952.0,42170.0,44147.613924361045,22730.406116371156,77713.13407225865,True
2017-03-29 09:00:00,39546.0,43655.0,44958.828068710034,23110.559945412177,79234.09609627163,True
2017-03-29 10:00:00,39839.0,46489.0,44025.36162342192,22587.14911034308,77697.21113366954,True
2017-03-29 11:00:00,39664.0,45756.0,42526.009055348106,21776.702660031246,75153.70579786584,True
2017-03-29 12:00:00,37739.0,44916.0,39572.74544894901,20227.150031498346,70027.53285383934,True
2017-03-29 13:00:00,34144.0,41477.0,35314.08164886965,18018.133162426057,62572.11496189861,True
2017-03-29 14:00:00,28796.0,35993.0,31240.278106568094,15911.81714053404,55423.43801702241,True
2017-03-29 15:00:00,24163.0,30407.0,27268.215525199746,13865.015886761212,48436.09953522253,True
2017-03-29 16:00:00,21650.0,26307.0,24833.5943807085,12605.896687408336,44164.87819385003,True
2017-03-29 17:00:00,20498.0,24290.0,24511.001885829806,12421.496495170843,43643.264908006495,True
2017-03-29 18:00:00,19938.0,23146.0,22663.42434213351,11466.276964703049,40401.378291437184,True
2017-03-29 19:00:00,19540.0,22179.0,21490.91139343893,10855.229274086878,38356.348705878176,True
2017-03-29 20:00:00,19955.0,21095.0,21679.138144320495,10932.392946461909,38737.76373793022,True
2017-03-29 21:00:00,25026.0,23592.0,22907.24603773114,11532.834007206146,40980.24052725165,True
2017-03-29 22:00:00,27311.0,26683.0,24880.934523912045,12506.051283756438,44563.23604303469,True
2017-03-29 23:00:00,23871.0,28587.0,24623.982861821656,12356.697949867008,44154.622481332546,True
2017-03-30 00:00:00,22269.0,24331.0,24348.048278158683,12198.297483322442,43710.85107889805,True
2017-03-30 01:00:00,21365.0,22888.0,25668.146266547585,12838.76511650364,46134.36038764259,True
2017-03-30 02:00:00,24242.0,25633.0,27572.367705943947,13768.835773934898,49614.435392291016,True
2017-03-30 03:00:00,27966.0,28792.0,31052.954380195,15481.801407941486,55942.23618247374,True
2017-03-30 04:00:00,31196.0,33250.0,35003.71707240066,17423.256407435943,63132.4649821302,True
2017-03-30 05:00:00,33244.0,36584.0,38690.9818468853,19227.499949091143,69863.23822026515,True
2017-03-30 06:00:00,34225.0,38149.0,40557.17373774998,20122.41153368713,73317.16724761947,True
2017-03-30 07:00:00,36357.0,40253.0,42841.31687819531,21221.487373068758,77535.1232047538,True
2017-03-30 08:00:00,38427.0,42170.0,44118.302189461865,21818.949792084397,79937.54158483949,True
2017-03-30 09:00:00,39192.0,43655.0,44929.34318095298,22184.442781220558,81499.89755446171,True
2017-03-30 10:00:00,41367.0,46489.0,43996.87995359733,21682.778855153785,79916.21757658075,True
2017-03-30 11:00:00,39244.0,45756.0,42498.87178574496,20905.496553810764,77297.4284158225,True
2017-03-30 12:00:00,37515.0,44916.0,39547.83674176649,19418.563932874044,72022.7042908752,True
2017-03-30 13:00:00,34055.0,41477.0,35292.1564052135,17298.381062193315,64352.90827281961,True
2017-03-30 14:00:00,29152.0,35993.0,31221.146893382305,15276.645614681465,56999.13291941734,True
2017-03-30 15:00:00,26958.0,30407.0,27251.745640093595,13311.916522727433,49811.76844968469,True
2017-03-30 16:00:00,22934.0,26307.0,24818.801994866957,12103.347601330079,45418.02928319422,True
2017-03-30 17:00:00,22709.0,24290.0,24496.60505878216,11926.606783946454,44880.456336429714,True
2017-03-30 18:00:00,26240.0,23146.0,22650.300353743543,11009.722623237454,41545.619875730314,True
2017-03-30 19:00:00,21021.0,22179.0,21478.64422500199,10423.263877209498,39441.69205251271,True
2017-03-30 20:00:00,20865.0,21095.0,21666.943074544248,10497.613942612401,39832.924558114064,True
2017-03-30 21:00:00,26071.0,23592.0,22894.55017215402,11074.443394075666,42137.77970704813,True
2017-03-30 22:00:00,28596.0,26683.0,24867.351692105607,12009.265703489735,45820.88612218941,True
2017-03-30 23:00:00,25510.0,28587.0,24610.745597898764,11866.125701433464,45399.667664376626,True
2017-03-31 00:00:00,23832.0,24331.0,24335.16278543047,11714.287774508393,44942.332229436826,True
2017-03-31 01:00:00,24043.0,22888.0,25654.77464002498,12329.631492088643,47433.008638581545,True
2017-03-31 02:00:00,28163.0,25633.0,27558.232447343817,13223.126290488179,51009.86090779759,True
2017-03-31 03:00:00,30208.0,28792.0,31037.291891947472,14868.542950044555,57514.31009666068,True
2017-03-31 04:00:00,33973.0,33250.0,34986.35159460014,16733.475429169855,64905.11679007994,True
2017-03-31 05:00:00,36197.0,36584.0,38672.10712060546,18466.706687738922,71823.25627406755,True
2017-03-31 06:00:00,37127.0,38149.0,40537.723878287376,19326.640735478548,75372.39953509893,True
2017-03-31 07:00:00,38795.0,40253.0,42821.12557955991,20382.70334968602,79706.82842265072,True
2017-03-31 08:00:00,40678.0,42170.0,44097.87340620282,20957.010288594003,82174.73565926637,True
2017-03-31 09:00:00,41086.0,43655.0,44908.90979957471,21308.527013696726,83778.99952821441,True
2017-03-31 10:00:00,40332.0,46489.0,43977.26705237085,20827.293085993842,82148.57685569147,True
2017-03-31 11:00:00,40463.0,45756.0,42480.3062736708,20081.253816606517,79454.35737741987,True
2017-03-31 12:00:00,38981.0,44916.0,39530.90920695562,18653.45169507712,74030.4412865059,True
2017-03-31 13:00:00,35628.0,41477.0,35277.35762526781,16617.229953723247,66145.1522240079,True
2017-03-31 14:00:00,31084.0,35993.0,31208.32375828208,14675.457279139186,58585.160268283194,True
2017-03-31 15:00:00,26493.0,30407.0,27240.785039522914,12788.340792811488,51196.62788032271,True
2017-03-31 16:00:00,22921.0,26307.0,24809.029966506918,11627.563470885538,46679.70307996622,True
2017-03-31 17:00:00,21411.0,24290.0,24487.166304710547,11458.016044290569,46126.20774338521,True
2017-03-31 18:00:00,21181.0,23146.0,22641.763424680074,10577.377492807665,42697.911071611365,True
2017-03-31 19:00:00,20321.0,22179.0,21470.729376312178,10014.154816902572,40534.794997638484,True
2017-03-31 20:00:00,20086.0,21095.0,21659.14104566697,10085.791401087516,40936.039307080224,True
2017-03-31 21:00:00,21742.0,23592.0,22886.49896217245,10640.205093033732,43303.85585190758,True
2017-03-31 22:00:00,24805.0,26683.0,24858.816691790464,11538.600883647001,47087.951501070434,True
2017-03-31 23:00:00,28075.0,28587.0,24602.506999837053,11401.294170381061,46654.171205529645,True
2017-04-01 00:00:00,29683.0,24331.0,24327.222878445576,11255.622307661972,46183.303485499986,True
2017-04-01 01:00:00,29870.0,22888.0,25646.61983672905,11847.102968013582,48741.80609264077,True
2017-04-01 02:00:00,30332.0,25633.0,27549.70436043502,12705.87506546901,52416.342804064145,True
2017-04-01 03:00:00,31550.0,28792.0,31027.948151854464,14287.20059112609,59099.00862980528,True
2017-04-01 04:00:00,34221.0,33250.0,34976.11301847022,16079.520819744654,66692.19254790145,True
2017-04-01 05:00:00,37166.0,36584.0,38661.114731121284,17745.34913164729,73799.42966317442,True
2017-04-01 06:00:00,38605.0,38149.0,40526.541471291974,18572.036871943557,77444.78698862086,True
2017-04-01 07:00:00,40559.0,40253.0,42809.67255722595,19587.225973549463,81896.88631430126,True
2017-04-01 08:00:00,41807.0,42170.0,44086.4487339032,20139.48596619478,84431.06596389484,True
2017-04-01 09:00:00,42531.0,43655.0,44897.65152969061,20477.659048630157,86077.8286360919,True
2017-04-01 10:00:00,43158.0,46489.0,43966.644194016764,20015.695751888397,84400.53380109034,True
2017-04-01 11:00:00,41619.0,45756.0,42470.42988898675,19299.195551758883,81630.47992676389,True
2017-04-01 12:00:00,39310.0,44916.0,39522.07227114375,17927.407999286646,76056.27552387267,True
2017-04-01 13:00:00,35322.0,41477.0,35269.78314261573,15970.78403483548,67953.74947248558,True
2017-04-01 14:00:00,30849.0,35993.0,31201.895408996555,14104.835705944846,60185.82869083503,True
2017-04-01 15:00:00,26121.0,30407.0,27235.409545316234,12291.331797390067,52594.41478152109,True
2017-04-01 16:00:00,22845.0,26307.0,24804.3474732602,11175.873569815343,47953.28189169097,True
2017-04-01 17:00:00,21245.0,24290.0,24482.754026080336,11013.109556597563,47383.83734068796,True
2017-04-01 18:00:00,20314.0,23146.0,22637.87691543736,10166.843237100893,43861.3017465697,True
2017-04-01 19:00:00,20007.0,22179.0,21467.227038061526,9625.645812554474,41638.532657327974,True
2017-04-01 20:00:00,19950.0,21095.0,21655.79288494057,9694.667140657866,42049.99144406876,True
2017-04-01 21:00:00,20751.0,23592.0,22883.15679679043,10227.751614320121,44481.498234466104,True
2017-04-01 22:00:00,23431.0,26683.0,24855.399586106487,11091.505309681243,48367.70367672262,True
2017-04-01 23:00:00,27236.0,28587.0,24599.336532768593,10959.697693790207,47921.35248690375,True
2017-04-02 00:00:00,29346.0,24331.0,24324.29736848743,10819.842540051864,47436.9302736025,True
2017-04-02 01:00:00,29869.0,22888.0,25643.754529008525,11388.607607689763,50064.07111182769,True
2017-04-02 02:00:00,29880.0,25633.0,27546.86164901977,12214.340484171888,53837.42580359523,True
2017-04-02 03:00:00,31106.0,28792.0,31025.011393770114,13734.710134792827,60700.30194022675,True
2017-04-02 04:00:00,33459.0,33250.0,34973.10098182312,15457.964707736195,68498.14301390557,True
2017-04-02 05:00:00,35747.0,36584.0,38658.115009180074,17059.66689137958,75796.65125234441,True
2017-04-02 06:00:00,38128.0,38149.0,40523.74237592974,17854.68775247035,79539.43082485817,True
2017-04-02 07:00:00,40758.0,40253.0,42807.08041405784,18830.953569635592,84110.65658300028,True
2017-04-02 08:00:00,42545.0,42170.0,44084.15465521167,19362.184254433712,86712.02269522625,True
2017-04-02 09:00:00,44037.0,43655.0,44895.69740879748,19687.60077954545,88401.94660466495,True
2017-04-02 10:00:00,47001.0,46489.0,43965.13798379598,19243.874922842107,86677.4987541647,True
2017-04-02 11:00:00,43472.0,45756.0,42469.36516196811,18555.385412957457,83830.98878355161,True
2017-04-02 12:00:00,41721.0,44916.0,39521.44017318235,17236.801425080143,78105.00955640692,True
2017-04-02 13:00:00,35252.0,41477.0,35269.53509423888,15355.82952371812,69782.96067516987,True
2017-04-02 14:00:00,29694.0,35993.0,31201.95236819253,13561.960561989661,61804.886184267205,True
2017-04-02 15:00:00,26909.0,30407.0,27235.698316130227,11818.446871983115,54008.382881562124,True
2017-04-02 16:00:00,24152.0,26307.0,24804.82673797388,10746.070156403255,49241.71333037019,True
2017-04-02 17:00:00,23122.0,24290.0,24483.439637241598,10589.724452777866,48656.23945813098,True
2017-04-02 18:00:00,26561.0,23146.0,22638.706977125326,9776.13469021222,45038.4545032628,True
2017-04-02 19:00:00,21477.0,22179.0,21468.20005264858,9255.868082923795,42755.41725569979,True
2017-04-02 20:00:00,22745.0,21095.0,21656.9621000696,9322.36961635863,43177.302657496286,True
2017-04-02 21:00:00,25752.0,23592.0,22884.59090315506,9835.119581466752,45673.35833308953,True
2017-04-02 22:00:00,25628.0,26683.0,24857.173527231775,10665.861665999208,49663.0085828255,True
2017-04-02 23:00:00,21785.0,28587.0,24601.30672527013,10539.25571082108,49204.03417688334,True
2017-04-03 00:00:00,20756.0,24331.0,24326.458102204164,10404.905774666287,48705.99029278949,True
2017-04-03 01:00:00,21109.0,22888.0,25646.254595719114,10952.007184821996,51402.71804111947,True
2017-04-03 02:00:00,23819.0,25633.0,27549.78596835376,11746.24186144973,55276.22564972853,True
2017-04-03 03:00:00,28033.0,28792.0,31028.573746663205,13208.520999138314,62321.68261658904,True
2017-04-03 04:00:00,32466.0,33250.0,34977.4195221377,14865.952072981185,70326.88679485806,True
2017-04-03 05:00:00,34110.0,36584.0,38663.22315859837,16406.5261210497,77819.23242611313,True
2017-04-03 06:00:00,35693.0,38149.0,40529.447569914104,17171.33108284708,81660.8296810266,True
2017-04-03 07:00:00,36715.0,40253.0,42813.47717077035,18110.4638163423,86352.86964503575,True
2017-04-03 08:00:00,38827.0,42170.0,44091.123243489485,18621.60493979325,89022.45533879063,True
2017-04-03 09:00:00,39545.0,43655.0,44903.18217947152,18934.811916859657,90756.2700278674,True
2017-04-03 10:00:00,39345.0,46489.0,43972.88062540654,18508.393255207953,88984.25914972812,True
2017-04-03 11:00:00,39242.0,45756.0,42477.24004204488,17846.530549771258,86060.4831775671,True
2017-04-03 12:00:00,36756.0,44916.0,39529.13220528817,16578.592170253694,80180.90093262897,True
2017-04-03 13:00:00,32686.0,41477.0,35276.72013603622,14769.674489335202,71636.56630643853,True
2017-04-03 14:00:00,27940.0,35993.0,31208.589164419187,13044.468014807637,63445.66116947253,True
2017-04-03 15:00:00,23930.0,30407.0,27241.73401436804,11367.637494401233,55441.42405084948,True
2017-04-03 16:00:00,21880.0,26307.0,24810.54318095392,10336.300640593876,50547.61930816654,True
2017-04-03 17:00:00,21440.0,24290.0,24489.297714920252,10186.044755092798,49945.99065363298,True
2017-04-03 18:00:00,20875.0,23146.0,22644.322690825324,9403.584132043046,46231.741467682354,True
2017-04-03 19:00:00,20210.0,22179.0,21473.7140465224,8903.25080222853,43887.68867849769,True
2017-04-03 20:00:00,20524.0,21095.0,21662.71501291466,8967.324805698554,44320.22299840033,True
2017-04-03 21:00:00,25607.0,23592.0,22890.871488045817,9460.656828719822,46881.80381307667,True
2017-04-03 22:00:00,25542.0,26683.0,24864.214910293358,10259.88727250488,50976.427326027304,True
2017-04-03 23:00:00,21395.0,28587.0,24608.493321914157,10138.21553389999,50504.7406210115,True
2017-04-04 00:00:00,20022.0,24331.0,24333.78011267809,10009.090290310023,49992.96953488768,True
2017-04-04 01:00:00,20421.0,22888.0,25654.199281723213,10535.49848902673,52760.35711692618,True
2017-04-04 02:00:00,23067.0,25633.0,27558.562596736116,11299.6548186519,56735.535035312736,True
2017-04-04 03:00:00,27451.0,28792.0,31038.731428157942,12706.4799289389,63966.28343778759,True
2017-04-04 04:00:00,32210.0,33250.0,34989.17729505199,14301.071372597238,72181.94138119661,True
2017-04-04 05:00:00,33813.0,36584.0,38676.55949813356,15783.27837224081,79871.04607317192,True
2017-04-04 06:00:00,33934.0,38149.0,40543.78340342442,16519.208422959364,83813.0275863198,True
2017-04-04 07:00:00,35838.0,40253.0,42828.996534550985,17422.861462338213,88627.78095291251,True
2017-04-04 08:00:00,37752.0,42170.0,44107.492439855465,17914.785350960163,91366.72958712492,True
2017-04-04 09:00:00,38341.0,43655.0,44920.24657193019,18216.294335966882,93145.22816323563,True
2017-04-04 10:00:00,38090.0,46489.0,43990.01019811977,17806.33797730106,91325.13163268619,True
2017-04-04 11:00:00,37954.0,45756.0,42494.18816592461,17169.838929813966,88323.1135595891,True
2017-04-04 12:00:00,35951.0,44916.0,39545.27296293871,15950.201249582868,82287.79489148446,True
2017-04-04 13:00:00,31872.0,41477.0,35291.44966617497,14210.033792381368,73517.9834094038,True
2017-04-04 14:00:00,27532.0,35993.0,31221.904530000662,12550.350349812088,65111.16437255398,True
2017-04-04 15:00:00,23687.0,30407.0,27253.60297917777,10937.162838563656,56896.15605778901,True
2017-04-04 16:00:00,21332.0,26307.0,24821.57557775975,9944.98988672272,51873.3749288101,True
2017-04-04 17:00:00,20448.0,24290.0,24500.406154202214,9800.525675309507,51255.42659406272,True
2017-04-04 18:00:00,20194.0,23146.0,22654.796212037872,9047.772183704095,47443.31448604029,True
2017-04-04 19:00:00,19652.0,22179.0,21483.837567367413,8566.456396913465,45037.3802132928,True
2017-04-04 20:00:00,19993.0,21095.0,21673.120898091005,8628.191756474951,45480.796379880056,True
2017-04-04 21:00:00,24804.0,23592.0,22902.071884549994,9102.955146727492,48108.98688882846,True
2017-04-04 22:00:00,24870.0,26683.0,24876.603532926238,9872.061942443619,52310.28953279957,True
2017-04-04 23:00:00,20743.0,28587.0,24620.975441423394,9755.081834262877,51825.76955008206,True
2017-04-05 00:00:00,8177.0,24331.0,24346.341776050027,9630.926475904611,51300.13233183227,True
2017-04-05 01:00:00,7284.714285714285,22888.0,25667.671363259775,10137.541619700334,54139.36742035066,False
2017-04-05 02:00:00,6392.428571428572,25633.0,27573.280613420666,10872.935202300898,58217.90102522395,False
2017-04-05 03:00:00,5500.142857142857,28792.0,31055.584945212286,12226.74635696231,65636.9635238831,False
2017-04-05 04:00:00,4607.857142857143,33250.0,35008.48780092167,13761.260294935408,74066.51909968577,False
2017-04-05 05:00:00,3715.5714285714284,36584.0,38698.24971229361,15187.65768255253,81955.63138637798,False
2017-04-05 06:00:00,2823.2857142857138,38149.0,40566.881862417744,15895.958613238161,85999.72251739512,False
2017-04-05 07:00:00,1931.0,40253.0,42853.77817762978,16765.66710327985,90939.28431460768,True
2017-04-05 08:00:00,1111.0,42170.0,44133.406340501315,17239.18719009842,93748.84266944228,True
2017-04-05 09:00:00,34142.0,43655.0,44947.03759708032,17529.478200208825,95572.87901214817,True
2017-04-05 10:00:00,42048.0,46489.0,44016.670944211604,17135.211022628602,93704.0740848826,True
2017-04-05 11:00:00,43143.0,45756.0,42520.34913568594,16522.914739470383,90622.68828969222,True
2017-04-05 12:00:00,41359.0,44916.0,39569.99260407086,15349.414509249376,84429.2222942038,True
2017-04-05 13:00:00,37198.0,41477.0,35313.84005676523,13674.944572944545,75430.35184715761,True
2017-04-05 14:00:00,32275.0,35993.0,31242.001606310823,12077.882171546515,66804.16416370976,True
2017-04-05 15:00:00,29366.0,30407.0,27271.39540591051,10525.526166150128,58374.98752304185,True
2017-04-05 16:00:00,26001.0,26307.0,24838.006222897377,9570.78299413982,53221.16693415854,True
2017-04-05 17:00:00,25806.0,24290.0,24516.846330353936,9431.837819085657,52586.69906352414,True
2017-04-05 18:00:00,28983.0,23146.0,22670.202920540614,8707.476831839094,48675.157223027374,True
2017-04-05 19:00:00,24598.0,22179.0,21498.642226431348,8244.33277789986,46206.367382992874,True
2017-04-05 20:00:00,24536.0,21095.0,21688.252126769166,8303.814966037851,46660.90927419285,True
2017-04-05 21:00:00,29866.0,23592.0,22918.26870424877,8760.800551716797,49356.89519335042,True
2017-04-05 22:00:00,30018.0,26683.0,24894.422760831865,9501.074594933303,53666.74797515683,True
2017-04-05 23:00:00,25779.0,28587.0,24638.835740778795,9388.56441787079,53169.24553114068,True
2017-04-06 00:00:00,24687.0,24331.0,24364.224974044573,9269.145787524541,52629.57361323809,True
2017-04-06 01:00:00,25768.0,22888.0,25686.757319551314,9756.80679627948,55541.95134890172,True
2017-04-06 02:00:00,28609.0,25633.0,27594.033083244372,10464.66260520067,59725.68291396404,True
2017-04-06 03:00:00,32918.0,28792.0,31079.239302380895,11767.729524128426,67336.37277052324,True
2017-04-06 04:00:00,38747.0,33250.0,35035.46961994889,13244.735688666178,75983.59893877049,True
2017-04-06 05:00:00,41503.0,36584.0,38728.425111643446,14617.704003911833,84076.27237598872,True
2017-04-06 06:00:00,42294.0,38149.0,40598.8808419212,15299.53841833693,88224.34779229687,True
2017-04-06 07:00:00,45528.0,40253.0,42887.968026417744,16136.734301178718,93290.99692910591,True
2017-04-06 08:00:00,48924.0,42170.0,44169.015494917745,16592.612139792167,96172.50996644815,True
2017-04-06 09:00:00,47174.0,43655.0,44983.70885070511,16872.13697689647,98042.99656908443,True
2017-04-06 10:00:00,46899.0,46489.0,44053.01356733175,16492.846964208875,96124.76991177807,True
2017-04-06 11:00:00,47955.0,45756.0,42555.86880746416,15903.680183862889,92962.75398528828,True
2017-04-06 12:00:00,46399.0,44916.0,39603.42711816094,14774.310805615194,86608.47344682035,True
2017-04-06 13:00:00,41651.0,41477.0,35344.012894376356,13162.70296254515,77376.59937883518,True
2017-04-06 14:00:00,34962.0,35993.0,31268.988156889256,11625.565095245869,68527.2434494249,True
2017-04-06 15:00:00,29840.0,30407.0,27295.205532440425,10131.427119006832,59880.16701117881,True
2017-04-06 16:00:00,26806.0,26307.0,24859.92109977724,9212.502349556993,54593.03791385833,True
2017-04-06 17:00:00,25364.0,24290.0,24538.70326684228,9078.825276397296,53941.81912004649,True
2017-04-06 18:00:00,24472.0,23146.0,22690.621575992638,8381.635111889238,49929.1246330532,True
2017-04-06 19:00:00,24085.0,22179.0,21518.20284631631,7935.877409587274,47396.404972935234,True
2017-04-06 20:00:00,24084.0,21095.0,21708.184315999668,7993.1885355967215,47862.32766547779,True
2017-04-06 21:00:00,29733.0,23592.0,22939.5419952549,8433.135825237088,50627.39040966586,True
2017-04-06 22:00:00,30028.0,26683.0,24917.759699709444,9145.783012302014,55047.820086923224,True
2017-04-06 23:00:00,26180.0,28587.0,24662.160585649613,9037.538832450493,54537.16062242346,True
2017-04-07 00:00:00,25714.0,24331.0,24387.51526276338,8922.642219885462,53983.2586842655,True
2017-04-07 01:00:00,25937.0,22888.0,25711.547511034903,9392.134181798476,56970.17611162058,True
2017-04-07 02:00:00,32630.0,25633.0,27620.917248388716,10073.597676521447,61261.096333801004,True
2017-04-07 03:00:00,35462.0,28792.0,31109.804218130605,11328.04091924435,69067.00100839499,True
2017-04-07 04:00:00,40144.0,33250.0,35070.24665641214,12749.940527790219,77935.98138839351,True
2017-04-07 05:00:00,42199.0,36584.0,38767.222903196474,14071.705208596719,86236.05786099906,True
2017-04-07 06:00:00,42852.0,38149.0,40639.92442992133,14728.162384251542,90490.13430957033,True
2017-04-07 07:00:00,43989.0,40253.0,42931.7185618677,15534.186729111967,95686.32445866063,True
2017-04-07 08:00:00,45828.0,42170.0,44214.47721570606,15973.137818870782,98641.23134033411,True
2017-04-07 09:00:00,45681.0,43655.0,45030.42082947899,16242.322902775306,100559.13768681792,True
2017-04-07 10:00:00,45813.0,46489.0,44099.19554248397,15877.350646285231,98590.69269589556,True
2017-04-07 11:00:00,45145.0,45756.0,42600.89959138338,15310.316010197526,95346.65720790309,True
2017-04-07 12:00:00,43697.0,44916.0,39645.71860579787,14223.207339241822,88828.65482537457,True
2017-04-07 13:00:00,40279.0,41477.0,35382.095229939885,12671.815878526908,79359.49170513875,True
2017-04-07 14:00:00,35301.0,35993.0,31302.97678888292,11192.085589914084,70282.84345908041,True
2017-04-07 15:00:00,30490.0,30407.0,27325.131832770352,9753.725331248035,61413.82084282013,True
2017-04-07 16:00:00,27014.0,26307.0,24887.410057324025,8869.11484819007,55990.92038288409,True
2017-04-07 17:00:00,25097.0,24290.0,24566.065809936037,8740.473614369488,55322.690386145645,True
2017-04-07 18:00:00,24623.0,23146.0,22716.134479639666,8069.313826255839,51206.97343019889,True
2017-04-07 19:00:00,24037.0,22179.0,21542.597614569386,7640.209833947689,48609.15563482998,True
2017-04-07 20:00:00,23770.0,21095.0,21732.996483903207,7695.428742455804,49086.7256168414,True
2017-04-07 21:00:00,25153.0,23592.0,22965.975406463782,8119.031833242164,51922.23815708413,True
2017-04-07 22:00:00,27792.0,26683.0,24946.70537395197,8805.183009895962,56455.420104747885,True
2017-04-07 23:00:00,31039.0,28587.0,24691.040227535912,8701.016169798739,55931.40586994781,True
2017-04-08 00:00:00,33021.0,24331.0,24416.302048131245,8590.442753345284,55363.05406455288,True
2017-04-08 01:00:00,33688.0,22888.0,25742.136364624504,9042.50304718683,58426.005922113174,True
2017-04-08 02:00:00,34714.0,25633.0,27654.034727713042,9698.649337249812,62826.24749914642,True
2017-04-08 03:00:00,36725.0,28792.0,31147.394349705883,10906.457732297136,70831.21619607315,True
2017-04-08 04:00:00,40212.0,33250.0,35112.94839255663,12275.503133728207,79926.33107577448,True
2017-04-08 05:00:00,42768.0,36584.0,38814.78647151086,13548.152472042528,88437.92814245004,True
2017-04-08 06:00:00,45162.0,38149.0,40690.16320250269,14180.256540682481,92800.15900385265,True
2017-04-08 07:00:00,47190.0,40253.0,42985.18913174698,14956.369757325512,98128.51172499712,True
2017-04-08 08:00:00,48973.0,42170.0,44269.95590068723,15379.068424154393,101158.34284627375,True
2017-04-08 09:00:00,49670.0,43655.0,45087.34125953776,15638.317219180879,103124.69424072698,True
2017-04-08 10:00:00,53552.0,46489.0,44155.3814383339,15287.049055840274,101105.15667799537,True
2017-04-08 11:00:00,48698.0,45756.0,42655.600763425384,14741.215579049644,97777.59266738739,True
2017-04-08 12:00:00,45970.0,44916.0,39697.01556939274,13694.617413015467,91092.7334379767,True
2017-04-08 13:00:00,41634.0,41477.0,35428.219838616176,12200.963750502302,81381.67163632736,True
2017-04-08 14:00:00,35944.0,35993.0,31344.085183324016,10776.282361658667,72073.29803964178,True
2017-04-08 15:00:00,33459.0,30407.0,27361.277218369374,9391.412259241139,62977.982731172946,True
2017-04-08 16:00:00,27824.0,26307.0,24920.566993645396,8539.706502911382,57416.66350965625,True
2017-04-08 17:00:00,26341.0,24290.0,24599.026810292537,8415.885069986209,56731.13517767582,True
2017-04-08 18:00:00,30643.0,23146.0,22746.827642493987,7769.686836467733,52510.38601953397,True
2017-04-08 19:00:00,25411.0,22179.0,21571.908243428228,7356.5503512625955,49846.21236766899,True
2017-04-08 20:00:00,24699.0,21095.0,21762.771211085037,7409.752746296362,50335.707737372315,True
2017-04-08 21:00:00,25167.0,23592.0,22997.656358397322,7817.665247203968,53243.13151141384,True
2017-04-08 22:00:00,28279.0,26683.0,24981.354912521972,8478.384474544844,57891.384379623116,True
2017-04-08 23:00:00,32193.0,28587.0,24725.56898803351,8378.119583038591,57353.796127988244,True
2017-04-09 00:00:00,34654.0,24331.0,24450.678768403344,8271.684360041532,56770.75180649808,True
2017-04-09 01:00:00,35122.0,22888.0,25778.622566435453,8707.00776643926,59911.32740136559,True
2017-04-09 02:00:00,34992.0,25633.0,27693.49172412325,9338.849244522906,64423.16024581324,True
2017-04-09 03:00:00,36600.0,28792.0,31192.129527065943,10501.894373265945,72631.29459674285,True
2017-04-09 04:00:00,39224.0,33250.0,35163.7101527366,11820.205379842992,81957.21047455074,True
2017-04-09 05:00:00,41533.0,36584.0,38871.26567114553,13045.705465423121,90684.71192876413,True
2017-04-09 06:00:00,44885.0,38149.0,40749.75453092347,13654.422263695162,95157.38320608475,True
2017-04-09 07:00:00,47481.0,40253.0,43048.54627555043,14401.812644359386,100620.68286921247,True
2017-04-09 08:00:00,49106.0,42170.0,44335.62336806066,14808.896164110804,103727.057722925,True
2017-04-09 09:00:00,50711.0,43655.0,45154.645438369495,15058.5912679843,105742.93450468827,True
2017-04-09 10:00:00,51480.0,46489.0,44221.743252594606,14720.45367394497,103671.35682943882,True
2017-04-09 11:00:00,49880.0,45756.0,42720.13878996487,14194.948914357441,100258.64151617166,True
2017-04-09 12:00:00,49183.0,44916.0,39757.4732157042,13187.217348336631,93403.57209292358,True
2017-04-09 13:00:00,41059.0,41477.0,35482.525490233034,11748.971311064637,83445.69025328192,True
2017-04-09 14:00:00,34497.0,35993.0,31392.43633478363,10377.120779678384,73900.8609585288,True
2017-04-09 15:00:00,29108.0,30407.0,27403.749247714488,9043.589082308474,64574.61739231718,True
2017-04-09 16:00:00,27142.0,26307.0,24959.490047191604,8223.462514803166,58872.054423337875,True
2017-04-09 17:00:00,24710.0,24290.0,24637.683311955705,8104.259068700025,58168.91534691844,True
2017-04-09 18:00:00,23975.0,23146.0,22782.790960384096,7482.017221494082,53840.98959947608,True
2017-04-09 19:00:00,23432.0,22179.0,21606.22013609715,7084.203261054364,51109.11647377988,True
2017-04-09 20:00:00,25979.0,21095.0,21797.594808653237,7135.461841869262,51610.82713846873,True
2017-04-09 21:00:00,26923.0,23592.0,23034.676221043726,7528.301013324146,54591.70981490556,True
2017-04-09 22:00:00,26663.0,26683.0,25021.80774244385,8164.592500471213,59357.49163213021,True
2017-04-09 23:00:00,24901.0,28587.0,24765.84545065608,8068.06579043139,58806.08993382977,True
2017-04-10 00:00:00,25417.0,24331.0,24490.743084162918,7965.595883968175,58208.088980058885,True
2017-04-10 01:00:00,26491.0,22888.0,25821.10926242522,8384.838890856241,61427.96994423336,True
2017-04-10 02:00:00,29940.0,25633.0,27739.399240465424,8993.331649236423,66053.79772300995,True
2017-04-10 03:00:00,33330.0,28792.0,31244.13499644649,10113.379995552332,74469.44500222962,True
2017-04-10 04:00:00,37222.0,33250.0,35222.67337843299,11382.957587364466,84031.10698117172,True
2017-04-10 05:00:00,39254.0,36584.0,38936.81713116675,12563.1648604794,92979.1560138025,True
2017-04-10 06:00:00,40348.0,38149.0,40818.86290135417,13149.407716566528,97564.68349378053,True
2017-04-10 07:00:00,42526.0,40253.0,43121.964062822975,13869.198642896787,103165.8736691891,True
2017-04-10 08:00:00,45327.0,42170.0,44411.65920540475,14261.270751607812,106350.49939838039,True
2017-04-10 09:00:00,45743.0,43655.0,45232.516590838146,14501.775702965684,108417.03648761369,True
2017-04-10 10:00:00,45812.0,46489.0,44298.46076128672,14176.230663698356,106292.40116261394,True
2017-04-10 11:00:00,45216.0,45756.0,42794.687665740305,13670.234220668588,102792.80224853526,True
2017-04-10 12:00:00,42822.0,44916.0,39827.253770899944,12699.82025923384,95763.95787627979,True
2017-04-10 13:00:00,38133.0,41477.0,35545.15723093752,11314.784429390023,85554.03208594308,True
2017-04-10 14:00:00,33061.0,35993.0,31448.15880097055,9993.672583014266,75767.72797914571,True
2017-04-10 15:00:00,28490.0,30407.0,27452.660344534856,8709.449158264837,66205.6396473839,True
2017-04-10 16:00:00,25261.0,26307.0,25004.28179585965,7919.651443888988,60358.83546359925,True
2017-04-10 17:00:00,24184.0,24290.0,24682.136749215042,7804.876743896829,59637.749166994945,True
2017-04-10 18:00:00,23701.0,23146.0,22824.118396290574,7205.643093710555,55200.371645579566,True
2017-04-10 19:00:00,22757.0,22179.0,21645.622559949756,6822.543532716543,52399.37212231818,True
2017-04-10 20:00:00,22774.0,21095.0,21837.557493241547,6871.9281330139565,52913.60000638005,True
2017-04-10 21:00:00,26627.0,23592.0,23077.130499116432,7250.278396920313,55969.5739507677,True
2017-04-10 22:00:00,26029.0,26683.0,25068.16779037467,7863.092365633831,60855.47941051496,True
2017-04-10 23:00:00,24419.0,28587.0,24811.972660672367,7770.150338233627,60290.00566638094,True
2017-04-11 00:00:00,25141.0,24331.0,24536.597076263726,7671.483597298416,59676.76352382175,True
2017-04-11 01:00:00,26716.0,22888.0,25869.704267430236,8075.268056432589,62977.7222976911,True
2017-04-11 02:00:00,30202.0,25633.0,27791.873304460052,8661.317326229784,67720.08006109887,True
2017-04-11 03:00:00,32511.0,28792.0,31303.54167412868,9740.040556177839,76347.82847481867,True
2017-04-11 04:00:00,36794.0,33250.0,35289.98591480561,10962.77847980907,86150.4549944203,True
2017-04-11 05:00:00,38828.0,36584.0,39011.6045724353,12099.450365257344,95323.94949226602,True
2017-04-11 06:00:00,40203.0,38149.0,40897.66024804596,12664.085025865015,100024.87687775746,True
2017-04-11 07:00:00,42438.0,40253.0,43205.62444570238,13357.341098834877,105767.0579396726,True
2017-04-11 08:00:00,44545.0,42170.0,44498.25113335893,13734.97500254435,109031.72846854819,True
2017-04-11 09:00:00,45582.0,43655.0,45321.14624019339,13966.635853086898,111150.11519800102,True
2017-04-11 10:00:00,49153.0,46489.0,44385.72188271199,13653.177002669858,108971.33717527814,True
2017-04-11 11:00:00,45234.0,45756.0,42879.42926607367,13165.915068414439,105383.01600775546,True
2017-04-11 12:00:00,43166.0,44916.0,39906.52680890899,12231.355035257731,98176.62549146425,True
2017-04-11 13:00:00,38921.0,41477.0,35616.26667674048,10897.451537348532,87709.13576254163,True
2017-04-11 14:00:00,33816.0,35993.0,31511.386962876146,9625.099602942591,77676.05497688438,True
2017-04-11 15:00:00,31711.0,30407.0,27508.128025283928,8388.263944539098,67872.93010823271,True
2017-04-11 16:00:00,26476.0,26307.0,25055.049464522468,7627.612501242154,61878.71835379806,True
2017-04-11 17:00:00,25891.0,24290.0,24732.4931518011,7517.088503777123,61139.32521316539,True
2017-04-11 18:00:00,30699.0,23146.0,22870.90817040923,6939.966202360362,56590.09264787495,True
2017-04-11 19:00:00,24558.0,22179.0,21690.20882707664,6571.006091300947,53718.458336604584,True
2017-04-11 20:00:00,24202.0,21095.0,21882.75356945984,6618.583816823234,54245.51760402697,True
2017-04-11 21:00:00,28126.0,23592.0,23125.11902518081,6982.999755756275,57378.298930482255,True
2017-04-11 22:00:00,27402.0,26683.0,25120.543692742256,7573.237441014247,62387.05766125267,True
2017-04-11 23:00:00,25680.0,28587.0,24864.058333442026,7483.735735826142,61807.23487757141,True
2017-04-12 00:00:00,26149.0,24331.0,24588.347452197122,7388.71956716117,61178.44733025803,True
2017-04-12 01:00:00,27347.0,22888.0,25924.52028310564,7777.6358231534105,64562.3462543357,True
2017-04-12 02:00:00,30588.0,25633.0,27851.03520322376,8342.100621106103,69423.89897348036,True
2017-04-12 03:00:00,34428.0,28792.0,31370.486411031798,9381.084349613993,78268.57467272681,True
2017-04-12 04:00:00,38528.0,33250.0,35365.80230947543,10558.779012456633,88317.65418458403,True
2017-04-12 05:00:00,40610.0,36584.0,39095.79913844558,11653.582998927606,97721.74380768405,True
2017-04-12 06:00:00,41248.0,38149.0,40986.326300739296,12197.431855412238,102540.74166626068,True
2017-04-12 07:00:00,43036.0,40253.0,43299.717626541096,12865.164148352067,108427.16941403304,True
2017-04-12 08:00:00,44845.0,42170.0,44595.59538487111,13228.905121224892,111773.76507101071,True
2017-04-12 09:00:00,45444.0,43655.0,45420.73459497176,13452.051810153287,113945.2452679959,True
2017-04-12 10:00:00,44928.0,46489.0,44483.723057027215,13150.201183223153,111711.17380935155,True
2017-04-12 11:00:00,44204.0,45756.0,42974.55371419731,12680.941937182648,108032.18761495249,True
2017-04-12 12:00:00,42500.0,44916.0,39995.469593869864,11780.849331544492,100644.27666598377,True
2017-04-12 13:00:00,38314.0,41477.0,35696.01231966944,10496.108590611839,89913.4111902861,True
2017-04-12 14:00:00,33499.0,35993.0,31582.261296101744,9270.64057796201,79627.97302144313,True
2017-04-12 15:00:00,28275.0,30407.0,27570.27513639632,8079.371589637514,69578.3482443103,True
2017-04-12 16:00:00,25223.0,26307.0,25111.905141491465,7346.745247416669,63433.39601485543,True
2017-04-12 17:00:00,23618.0,24290.0,24788.863358919025,7240.303948697435,62675.31394016914,True
2017-04-12 18:00:00,23357.0,23146.0,22923.262958405983,6684.442688041749,58011.69674026715,True
2017-04-12 19:00:00,22825.0,22179.0,21740.076482620436,6329.077122312909,55067.839003393594,True
2017-04-12 20:00:00,23065.0,21095.0,21933.28162021948,6374.91248390916,55608.0562981019,True
2017-04-12 21:00:00,25814.0,23592.0,23178.74616112217,6725.921422234349,58819.44441607394,True
2017-04-12 22:00:00,25424.0,26683.0,25179.049014964752,7294.439367480896,63953.920079722666,True
2017-04-12 23:00:00,25488.0,28587.0,24922.2150717623,7208.241812556983,63359.45344932585,True
2017-04-13 00:00:00,26783.0,24331.0,24646.105761390463,7116.73219732985,62714.79720292498,True
2017-04-13 01:00:00,28208.0,22888.0,25985.675125303973,7491.3417842492045,66183.58812542487,True
2017-04-13 02:00:00,30714.0,25633.0,27917.011727954035,8035.03891115048,71167.12999765527,True
2017-04-13 03:00:00,34240.0,28792.0,31445.11226878042,9035.790233477333,80233.7955438324,True
2017-04-13 04:00:00,38197.0,33250.0,35450.284124273225,10170.149206153133,90535.08482620682,True
2017-04-13 05:00:00,40100.0,36584.0,39189.57974053117,11224.670654659736,100175.16958755883,True
2017-04-13 06:00:00,41247.0,38149.0,41085.04894716844,11748.516393021631,105115.03499531063,True
2017-04-13 07:00:00,43759.0,40253.0,43404.44244151352,12391.686984655302,111149.12013995899,True
2017-04-13 08:00:00,45362.0,42170.0,44703.89710094675,12742.054625947296,114579.60770494746,True
2017-04-13 09:00:00,45920.0,43655.0,45531.490952742744,12957.002187567177,116805.479994404,True
2017-04-13 10:00:00,45481.0,46489.0,44592.66964235617,12666.307464271338,114514.89994467124,True
2017-04-13 11:00:00,44630.0,45756.0,43080.259764596594,12214.35714905606,110743.20329149274,True
2017-04-13 12:00:00,42197.0,44916.0,40094.267437517796,11347.41567764742,103169.5965173728,True
2017-04-13 13:00:00,38038.0,41477.0,35784.559847287484,10109.966782404837,92169.25405313457,True
2017-04-13 14:00:00,33675.0,35993.0,31660.92865403907,8929.600378089204,81625.6011116449,True
2017-04-13 15:00:00,28785.0,30407.0,27639.23010191632,7782.167605925323,71323.7434222521,True
2017-04-13 16:00:00,25256.0,26307.0,25174.96600444747,7076.50116726845,65024.552552076064,True
2017-04-13 17:00:00,23725.0,24290.0,24851.36324265129,6973.9836221619435,64247.37747470623,True
2017-04-13 18:00:00,23613.0,23146.0,22981.290098356025,6438.575516003992,59466.72069632927,True
2017-04-13 19:00:00,22979.0,22179.0,21795.327501365733,6096.286952968619,56448.97134863122,True
2017-04-13 20:00:00,23474.0,21095.0,21989.244705405676,6140.441993545246,57002.686054708,True
2017-04-13 21:00:00,25723.0,23592.0,23238.121008455793,6478.546233636195,60294.56364029564,True
2017-04-13 22:00:00,25455.0,26683.0,25243.80248029786,7026.160005497582,65557.7537380649,True
2017-04-13 23:00:00,26614.0,28587.0,24986.560592765472,6943.137812314393,64948.33106241763,True
2017-04-14 00:00:00,27947.0,24331.0,24709.988619972624,6854.998471760329,64287.46416096843,True
2017-04-14 01:00:00,29465.0,22888.0,26053.2919614581,7215.83645242696,67843.18848886188,True
2017-04-14 02:00:00,34479.0,25633.0,27989.935429387406,7739.543956859381,72951.64290155903,True
2017-04-14 03:00:00,34195.0,28792.0,31527.568807933832,8703.497963256776,82245.59697343556,True
2017-04-14 04:00:00,37885.0,33250.0,35543.600260730906,9796.147335938565,92805.1208472464,True
2017-04-14 05:00:00,40343.0,36584.0,39293.13341829833,10811.896240784678,102686.85097911314,True
2017-04-14 06:00:00,43572.0,38149.0,41194.02461156747,11316.48501443456,107750.50776471163,True
2017-04-14 07:00:00,45866.0,40253.0,43520.006761165976,11936.01092616221,113935.81616142014,True
2017-04-14 08:00:00,47467.0,42170.0,44823.370743888874,12273.501132549962,117452.24928359676,True
2017-04-14 09:00:00,47804.0,43655.0,45653.6341217112,12480.550762458673,119733.86758866975,True
2017-04-14 10:00:00,51332.0,46489.0,44712.77632843112,12200.582913825461,117385.50019256512,True
2017-04-14 11:00:00,47088.0,45756.0,43196.75520332736,11765.282467243624,113518.94580380541,True
2017-04-14 12:00:00,44135.0,44916.0,40203.114072408585,10930.240039519416,105755.26754776442,True
2017-04-14 13:00:00,39830.0,41477.0,35882.08247637919,9738.302423406383,94479.05821654419,True
2017-04-14 14:00:00,35293.0,35993.0,31747.542563614512,8601.341125951474,83671.05707828334,True
2017-04-14 15:00:00,33261.0,30407.0,27715.127182119875,7496.09718168372,73110.96436290196,True
2017-04-14 16:00:00,28139.0,26307.0,25244.35455640813,6816.376723262494,66653.87181521706,True
2017-04-14 17:00:00,26855.0,24290.0,24920.113941290423,6717.632207213798,65857.17801368446,True
2017-04-14 18:00:00,32510.0,23146.0,23045.101806886873,6201.90823332129,60956.701648621005,True
2017-04-14 19:00:00,26349.0,22179.0,21856.06849307803,5872.204177118882,57863.31321458655,True
2017-04-14 20:00:00,25028.0,21095.0,22050.750569397875,5914.73859171751,58430.87773761461,True
2017-04-14 21:00:00,25999.0,23592.0,23303.35762800796,6240.417363534392,61805.21107384431,True
2017-04-14 22:00:00,27558.0,26683.0,25314.928208885172,6767.904785082261,67200.24736524466,True
2017-04-14 23:00:00,30892.0,28587.0,25057.21796493943,6687.935861153114,66575.53934428837,True
2017-04-15 00:00:00,33619.0,24331.0,24780.117945573173,6603.037543354609,65898.10144994056,True
2017-04-15 01:00:00,34340.0,22888.0,26127.49955856812,6950.614551257217,69542.8905864649,True
2017-04-15 02:00:00,35159.0,25633.0,28069.944884675544,7455.074749061249,74779.31065290244,True
2017-04-15 03:00:00,36239.0,28792.0,31618.012389106305,8383.600196059333,84306.08882912573,True
2017-04-15 04:00:00,39377.0,33250.0,35645.92730013893,9436.09098392016,95130.14108866987,True
2017-04-15 05:00:00,41786.0,36584.0,39406.655716198315,10414.507863890058,105259.41802581909,True
2017-04-15 06:00:00,44682.0,38149.0,41313.45865013434,10900.552068326195,110449.91753986703,True
2017-04-15 07:00:00,47122.0,40253.0,43646.62790892362,11497.308705021225,116790.17107223951,True
2017-04-15 08:00:00,49148.0,42170.0,44954.24052907471,11822.395403947006,120394.69101560298,True
2017-04-15 09:00:00,49844.0,43655.0,45787.39286124211,12021.835404810792,122733.46523666919,True
2017-04-15 10:00:00,49249.0,46489.0,44844.26756881077,11752.186666121324,120325.96856983965,True
2017-04-15 11:00:00,47672.0,45756.0,43324.25726632309,11332.908810647643,116362.30758420525,True
2017-04-15 12:00:00,44234.0,44916.0,40322.21204192469,10528.572329857121,108403.98177583182,True
2017-04-15 13:00:00,40101.0,41477.0,35988.761301650215,9380.448542781804,96845.2264877496,True
2017-04-15 14:00:00,34802.0,35993.0,31842.263534347778,8285.274825601326,85766.46704719581,True
2017-04-15 15:00:00,29947.0,30407.0,27798.106743786495,7220.648796698271,74941.86735423039,True
2017-04-15 16:00:00,26546.0,26307.0,25320.198872331475,6565.907584901906,68323.04483666684,True
2017-04-15 17:00:00,24514.0,24290.0,24995.242103194938,6470.792873059625,67506.38512586657,True
2017-04-15 18:00:00,23997.0,23146.0,23114.815405074947,5974.019779984011,62483.18380377835,True
2017-04-15 19:00:00,23729.0,22179.0,21922.410917114405,5656.430770598587,59312.32939376798,True
2017-04-15 20:00:00,23499.0,21095.0,22117.91185796488,5697.402019358725,59894.10946404764,True
2017-04-15 21:00:00,23641.0,23592.0,23374.57526952802,6011.113190178323,63352.94910612327,True
2017-04-15 22:00:00,25589.0,26683.0,25392.555967621844,6519.217172104866,68883.09856575861,True
2017-04-15 23:00:00,29051.0,28587.0,25134.315855875135,6442.185529970016,68242.7589763397,True
2017-04-16 00:00:00,31575.0,24331.0,24856.62120275491,6360.405395964687,67548.37153339281,True
2017-04-16 01:00:00,32667.0,22888.0,26208.432542424718,6695.209428013743,71284.44765684169,True
2017-04-16 02:00:00,33067.0,25633.0,28157.184976360575,7181.131550090442,76652.01725586825,True
2017-04-16 03:00:00,34418.0,28792.0,31716.60648774702,8075.535827341327,86417.3937419613,True
2017-04-16 04:00:00,36791.0,33250.0,35757.44985903888,9089.34958157543,97512.53915288797,True
2017-04-16 05:00:00,39944.0,36584.0,39530.35107720267,10031.810643879104,107895.51749864625,True
2017-04-16 06:00:00,43009.0,38149.0,41443.56576446608,10499.991357114155,113216.039848833,True
2017-04-16 07:00:00,45696.0,40253.0,43784.53309862699,11074.815531414673,119715.11789024007,True
2017-04-16 08:00:00,47209.0,42170.0,45096.74087637562,11387.952212581084,123409.95457287041,True
2017-04-16 09:00:00,48731.0,43655.0,45933.00634243849,11580.05883693634,125807.35142960082,True
2017-04-16 10:00:00,48569.0,46489.0,44987.37803278519,11320.340951890521,123339.32049916674,True
2017-04-16 11:00:00,47254.0,45756.0,43462.99307676593,10916.487663292764,119276.2022532031,True
2017-04-16 12:00:00,46517.0,44916.0,40451.77310806555,10141.718479699837,111118.4513973095,True
2017-04-16 13:00:00,39696.0,41477.0,36104.78566033639,9035.787868914429,99270.18007666865,True
2017-04-16 14:00:00,34340.0,35993.0,31945.25938151958,7980.857200401335,87913.97376447043,True
2017-04-16 15:00:00,29172.0,30407.0,27888.315542816585,6955.348883549076,76818.32348082334,True
2017-04-16 16:00:00,27527.0,26307.0,25402.632856989796,6324.663801981048,70033.77638262244,True
2017-04-16 17:00:00,24531.0,24290.0,25076.880141796977,6233.042545061066,69196.68218634436,True
2017-04-16 18:00:00,23921.0,23146.0,23190.5535546786,5754.5201463261155,64047.724363328125,True
2017-04-16 19:00:00,22566.0,22179.0,21994.471306859192,5448.598002194508,60797.49721668568,True
2017-04-16 20:00:00,23903.0,21095.0,22190.846345096073,5488.0614162730235,61393.87221478411,True
2017-04-16 21:00:00,22465.0,23592.0,23451.898611823937,5790.242998448834,64939.35394536576,True
2017-04-16 22:00:00,21467.0,26683.0,25476.82143147575,6279.674032248613,70608.02019828283,True
2017-04-16 23:00:00,24090.0,28587.0,25217.98879138164,6205.4692780154355,69951.68597751047,True
2017-04-17 00:00:00,27142.0,24331.0,24939.631659713337,6126.690369973226,69239.95227748495,True
2017-04-17 01:00:00,29532.0,22888.0,26296.231668739445,6449.188369180711,73069.6294253726,True
2017-04-17 02:00:00,32557.0,25633.0,28251.807184171954,6917.250896379493,78571.6646907268,True
2017-04-17 03:00:00,35039.0,28792.0,31823.522023394948,7778.784401271865,88581.65488661628,True
2017-04-17 04:00:00,37787.0,33250.0,35878.36096107167,8755.338152082215,99954.73213415753,True
2017-04-17 05:00:00,39088.0,36584.0,39664.433254600386,9663.159844319722,110597.82250282714,True
2017-04-17 06:00:00,40256.0,38149.0,41584.57043403594,10114.128984947547,116051.67820756418,True
2017-04-17 07:00:00,42252.0,40253.0,43933.959892230494,10667.821589980786,122713.6196002122,True
2017-04-17 08:00:00,44085.0,42170.0,45251.11688239128,10969.44266540802,126501.09290003567,True
2017-04-17 09:00:00,44628.0,43655.0,46090.72462996756,11154.480870018071,128958.63692408288,True
2017-04-17 10:00:00,48534.0,46489.0,45142.35307813991,10904.323560086657,126428.60348228767,True
2017-04-17 11:00:00,44420.0,45756.0,43613.20010265766,10515.3238525326,122263.57487395842,True
2017-04-17 12:00:00,41431.0,44916.0,40592.01867808217,9769.033771365488,113901.41827827775,True
2017-04-17 13:00:00,37731.0,41477.0,36230.35351367097,8703.746925188265,101756.36702589692,True
2017-04-17 14:00:00,32978.0,35993.0,32056.70556428961,7687.58250839434,90115.74401874456,True
2017-04-17 15:00:00,31770.0,30407.0,27985.907019930248,6699.757334588771,78742.22507290552,True
2017-04-17 16:00:00,26743.0,26307.0,25491.796514786078,6092.245741381916,71787.7908002404,True
2017-04-17 17:00:00,25911.0,24290.0,25165.16650242546,6003.987921957672,70929.77212264022,True
2017-04-17 18:00:00,30574.0,23146.0,23272.444505322488,5543.046715562473,65651.89881391905,True
2017-04-17 19:00:00,24426.0,22179.0,22072.371504570106,5248.362988867564,62320.31154716583,True
2017-04-17 20:00:00,23649.0,21095.0,22269.677170358846,5286.37186957256,62931.674852097254,True
2017-04-17 21:00:00,25967.0,23592.0,23535.458014048312,5577.443357214553,66566.02089879302,True
2017-04-17 22:00:00,24698.0,26683.0,25567.86645694956,6048.881722529381,72376.74608709103,True
2017-04-17 23:00:00,24052.0,28587.0,25308.37742664545,5977.398610541447,71704.03733353851,True
2017-04-18 00:00:00,24619.0,24331.0,25029.288656914607,5901.50938823171,70974.54249450218,True
2017-04-18 01:00:00,26015.0,22888.0,26391.044106891335,6212.148648241392,74900.22792451343,True
2017-04-18 02:00:00,29308.0,25633.0,28353.96989040828,6663.001381230005,80540.17914064712,True
2017-04-18 03:00:00,33075.0,28792.0,31938.93770427043,7492.861392597208,90801.04296605161,True
2017-04-18 04:00:00,36770.0,33250.0,36008.862426155836,8433.512027039835,102459.16846045612,True
2017-04-18 05:00:00,38694.0,36584.0,39809.125742997225,9307.955071093606,113369.04111141527,True
2017-04-18 06:00:00,39135.0,38149.0,41736.707368847696,9742.337316471592,118959.67313425522,True
2017-04-18 07:00:00,41289.0,40253.0,44095.15667886646,10275.665700114747,125788.67863870032,True
2017-04-18 08:00:00,43672.0,42170.0,45417.62481473868,10566.187717826153,129671.19994405306,True
2017-04-18 09:00:00,43987.0,43655.0,46260.809186400074,10744.411841757767,132190.47461241714,True
2017-04-18 10:00:00,43538.0,46489.0,45309.449246022006,10503.461464052267,129596.90671795934,True
2017-04-18 11:00:00,42555.0,45756.0,43775.126635793466,10128.769441101234,125327.41119856125,True
2017-04-18 12:00:00,40497.0,44916.0,40743.180251077385,9409.917198149202,116755.662520213,True
2017-04-18 13:00:00,35698.0,41477.0,36365.67184621359,8383.79103374856,104306.26982082169,True
2017-04-18 14:00:00,31807.0,35993.0,32176.78553965447,7404.979153882871,92373.9753453829,True
2017-04-18 15:00:00,27128.0,30407.0,28091.041610225537,6453.463697985324,80715.49153459203,True
2017-04-18 16:00:00,24236.0,26307.0,25587.83623222347,5868.280646190683,73586.83730478186,True
2017-04-18 17:00:00,23203.0,24290.0,25260.2459416489,5783.262102294353,72707.3826132273,True
2017-04-18 18:00:00,22784.0,23146.0,23360.622353285904,5339.261165046484,67297.30571592176,True
2017-04-18 19:00:00,22358.0,22179.0,22156.238907254366,5055.405776528514,63882.28930635112,True
2017-04-18 20:00:00,22162.0,21095.0,22354.53308741047,5092.011488028602,64509.04866660668,True
2017-04-18 21:00:00,25494.0,23592.0,23625.3897787986,5372.375047965285,68234.56915953258,True
2017-04-18 22:00:00,24659.0,26683.0,25665.839368406174,5826.472776831794,74191.0362026156,True
2017-04-18 23:00:00,22520.0,28587.0,25405.628830151603,5757.610819674034,73501.55610562683,True
2017-04-19 00:00:00,23000.0,24331.0,25125.737888383122,5684.504754130022,72753.86697628714,True
2017-04-19 01:00:00,23408.0,22888.0,26493.02373704099,5983.714171845752,76778.06278125431,True
2017-04-19 02:00:00,26398.0,25633.0,28463.838699712884,6417.980075279435,82559.51665134449,True
2017-04-19 03:00:00,30391.0,28792.0,32063.040388117024,7217.314201043502,93077.76256323834,True
2017-04-19 04:00:00,35175.0,33250.0,36149.165278027765,8123.362360072754,105028.33502836151,True
2017-04-19 05:00:00,37794.0,36584.0,39964.662229659625,8965.635344970486,116211.9242244635,True
2017-04-19 06:00:00,37808.0,38149.0,41900.22198346701,9384.029844514402,121942.91035930644,True
2017-04-19 07:00:00,39964.0,40253.0,44268.38317654466,9897.729928905583,128943.34553680017,True
2017-04-19 08:00:00,41812.0,42170.0,45596.5326297076,10177.552661022775,132923.41952452413,True
2017-04-19 09:00:00,42435.0,43655.0,46443.53340040419,10349.20703766757,135506.06852569547,True
2017-04-19 10:00:00,41789.0,46489.0,45488.93477922429,10117.125401617335,132847.36988025758,True
2017-04-19 11:00:00,40959.0,45756.0,43949.03229341326,9756.218531944016,128470.74611214852,True
2017-04-19 12:00:00,39052.0,44916.0,40905.49988576229,9063.806665702383,119684.01028649151,True
2017-04-19 13:00:00,35257.0,41477.0,36510.95708410457,8075.420063795088,106922.41234741577,True
2017-04-19 14:00:00,30981.0,35993.0,32305.6911331888,7132.605952083191,94690.90215931315,True
2017-04-19 15:00:00,26167.0,30407.0,28203.887067422715,6216.083939116853,82740.0746782655,True
2017-04-19 16:00:00,23643.0,26307.0,25690.90507378207,5652.419705546252,75432.69482124773,True
2017-04-19 17:00:00,22507.0,24290.0,25362.269819882877,5570.521710953559,74531.27085044386,True
2017-04-19 18:00:00,21650.0,23146.0,23455.227312585794,5142.846826312988,68985.57109299484,True
2017-04-19 19:00:00,21118.0,22179.0,22246.206724232004,4869.426852479934,65484.973621803336,True
2017-04-19 20:00:00,21260.0,21095.0,22445.548724327495,4904.67890850007,66127.55154942724,True
2017-04-19 21:00:00,24110.0,23592.0,23721.836427735176,5174.720446480118,69946.64620124374,True
2017-04-19 22:00:00,24278.0,26683.0,25770.895258023425,5612.103079731712,76052.68141982367,True
2017-04-19 23:00:00,21749.0,28587.0,25509.896781125586,5545.766204825753,75346.01612511343,True
2017-04-20 00:00:00,21597.0,24331.0,25229.131696390712,5475.341420209022,74579.68112206322,True
2017-04-20 01:00:00,22534.0,22888.0,26602.331461407295,5763.53261823624,78704.98608090583,True
2017-04-20 02:00:00,25430.0,25633.0,28581.586774099917,6181.809471706561,84631.66833980425,True
2017-04-20 03:00:00,29115.0,28792.0,32196.02546026043,6951.718732195778,95414.05798969277,True
2017-04-20 04:00:00,33220.0,33250.0,36299.4901712361,7824.412296501217,107664.76377592934,True
2017-04-20 05:00:00,34833.0,36584.0,40131.287067415135,8635.674893862373,119129.27281269479,True
2017-04-20 06:00:00,35932.0,38149.0,42075.370893703584,9038.656806465033,125004.32839600224,True
2017-04-20 07:00:00,38418.0,40253.0,44453.91095783582,9533.434988971516,132180.72689384077,True
2017-04-20 08:00:00,40238.0,42170.0,45788.1205146743,9802.942411543736,136260.9535212672,True
2017-04-20 09:00:00,40763.0,43655.0,46639.18314021335,9968.261923216092,138908.68214793692,True
