Time,y_true,SARIMA_trainval,SARIMA_train_only,Seasonal_naive,lo95,hi95,used_in_metrics
2017-04-01 00:00:00,29683.0,26246.717409995148,27935.68120614564,23832.0,22084.48634987225,30962.472701004317,True
2017-04-01 01:00:00,29870.0,26221.601517910396,29793.112761891178,24043.0,20945.16281826839,32421.939723083644,True
2017-04-01 02:00:00,30332.0,28256.549727849208,31914.113808972095,28163.0,21905.28313908364,35876.49894612841,True
2017-04-01 03:00:00,31550.0,31133.916296942403,36191.91758147124,30208.0,23678.87695306266,40196.75649084256,True
2017-04-01 04:00:00,34221.0,34801.341049107854,40622.257344004254,33973.0,26127.550470964845,45439.91019711799,True
2017-04-01 05:00:00,37166.0,37477.393120633686,45105.714109982,36197.0,27879.862606938943,49323.01235284566,True
2017-04-01 06:00:00,38605.0,38872.471985258926,47246.09481210809,37127.0,28723.42071347991,51456.56891133977,True
2017-04-01 07:00:00,40559.0,40693.82236399572,49926.28021733717,38795.0,29915.31677914267,54105.226559494215,True
2017-04-01 08:00:00,41807.0,42263.39838346897,51246.996174713524,40678.0,30943.91882867327,56386.70010042675,True
2017-04-01 09:00:00,42531.0,43052.03218001281,52080.28331041959,41086.0,31418.1090774466,57600.07705585511,True
2017-04-01 10:00:00,43158.0,42759.15114905379,50648.236053112094,40332.0,31118.912648213856,57342.24124828916,True
2017-04-01 11:00:00,41619.0,41555.24964228248,48940.792387824506,40463.0,30171.60006418505,55839.70527609137,True
2017-04-01 12:00:00,39310.0,39387.43537313483,45289.39609465008,38981.0,28538.440628247554,53020.14857229198,True
2017-04-01 13:00:00,35322.0,35492.244898755336,40320.542943162334,35628.0,25668.309508436345,47852.480719861225,True
2017-04-01 14:00:00,30849.0,30949.38929994828,35770.95770891924,31084.0,22344.753140913184,41788.04907259019,True
2017-04-01 15:00:00,26121.0,26920.602603996937,31267.557932929896,26493.0,19405.276382202723,36397.30694948283,True
2017-04-01 16:00:00,22845.0,23850.448219247577,28682.500818545548,22921.0,17166.546461633916,32287.269559529144,True
2017-04-01 17:00:00,21245.0,22638.66673348172,28584.464490542785,21411.0,16271.189070550237,30683.824179621362,True
2017-04-01 18:00:00,20314.0,22383.422437365607,26038.562638939857,21181.0,16065.747569038633,30373.04653554801,True
2017-04-01 19:00:00,20007.0,20772.004715958028,24785.10352563806,20321.0,14889.416409305139,28218.06609046922,True
2017-04-01 20:00:00,19950.0,20902.269103140636,24985.217788717368,20086.0,14963.473365214817,28426.037326981415,True
2017-04-01 21:00:00,20751.0,22862.675351420556,26332.245868849368,21742.0,16346.231608682117,31125.306292075264,True
2017-04-01 22:00:00,23431.0,25175.34960971921,28554.66043778859,24805.0,17977.41805168463,34309.738402667725,True
2017-04-01 23:00:00,27236.0,25209.782509621553,27913.230849532036,28075.0,17980.009513655914,34392.15955790766,True
2017-04-02 00:00:00,29346.0,24081.17796352176,27971.89414168372,23832.0,17121.965407693795,32938.41996090945,True
2017-04-02 01:00:00,29869.0,24468.662941526727,29831.84346393282,24043.0,17351.28306158929,33543.46884823627,True
2017-04-02 02:00:00,29880.0,26634.860269430104,31955.71669224111,28163.0,18843.277170730078,36584.95760893669,True
2017-04-02 03:00:00,31106.0,29712.968174040085,36239.224668564486,30208.0,20976.830877285414,40885.08771049782,True
2017-04-02 04:00:00,33459.0,33499.663879931024,40675.4964350228,33973.0,23604.75643333206,46170.05137647992,True
2017-04-02 05:00:00,35747.0,36348.79387036489,45164.98373638003,36197.0,25566.603341683305,50171.95578328157,True
2017-04-02 06:00:00,38128.0,37932.747413955556,47308.33715177672,37127.0,26635.831971367483,52432.21297430527,True
2017-04-02 07:00:00,40758.0,39889.475247649716,49992.22135666603,38795.0,27964.947076791115,55210.980732555734,True
2017-04-02 08:00:00,42545.0,41554.75036682541,51314.8528858453,40678.0,29087.552238102533,57590.11339257298,True
2017-04-02 09:00:00,44037.0,42463.960545471484,52149.41647081068,41086.0,29679.673844798122,58923.64978217471,True
2017-04-02 10:00:00,47001.0,42290.050755304146,50715.63589701243,40332.0,29515.20795703571,58753.634296489734,True
2017-04-02 11:00:00,43472.0,41109.61208892702,49006.08152049404,40463.0,28650.587491765975,57181.51494920617,True
2017-04-02 12:00:00,41721.0,38988.67447256224,45349.96314776714,38981.0,27134.51233091165,54294.65304789214,True
2017-04-02 13:00:00,35252.0,35147.545705665805,40374.5974176092,35628.0,24427.600954351175,49001.81625694326,True
2017-04-02 14:00:00,29694.0,30674.060415273663,35819.03025480073,31084.0,21289.55770824113,42813.48821867042,True
2017-04-02 15:00:00,26909.0,26724.164099088495,31309.680825187384,26493.0,18523.162301730525,37342.23143595143,True
2017-04-02 16:00:00,24152.0,23715.01599597419,28721.235117687083,22921.0,16415.540061991032,33174.30051774393,True
2017-04-02 17:00:00,23122.0,22536.26658953559,28623.159984386544,21411.0,15578.973843915806,31560.116286265842,True
2017-04-02 18:00:00,26561.0,22289.054527319306,26073.89694130843,21181.0,15387.831858758662,31248.06217144216,True
2017-04-02 19:00:00,21477.0,20658.08524818723,24818.818072395334,20321.0,14243.21675024299,28993.00748768104,True
2017-04-02 20:00:00,22745.0,20809.256468647316,25019.286450296204,20086.0,14328.798418421538,29236.728260681575,True
2017-04-02 21:00:00,25752.0,22775.78678920603,26368.237693582738,21742.0,15662.621824722963,32034.068062597864,True
2017-04-02 22:00:00,25628.0,25041.975442710136,28593.783798922716,24805.0,17198.87199359293,35259.12031448744,True
2017-04-02 23:00:00,21785.0,24937.216723104353,27951.567325511784,28075.0,17104.954517770948,35148.993191673246,True
2017-04-03 00:00:00,20756.0,23849.036171814594,28010.411404294955,23832.0,16322.442307988254,33676.771911192045,True
2017-04-03 01:00:00,21109.0,24254.974483240236,29873.032010088427,24043.0,16566.90331130957,34307.04706061792,True
2017-04-03 02:00:00,23819.0,26417.10037248211,31999.952713690374,28163.0,18010.126621874333,37422.79690115464,True
2017-04-03 03:00:00,28033.0,29489.02823625974,36289.51819667899,30208.0,20069.324108640485,41834.88990542477,True
2017-04-03 04:00:00,32466.0,33262.193142343116,40732.087936452386,33973.0,22599.666176116305,47252.42444428374,True
2017-04-03 05:00:00,34110.0,36105.238600852754,45227.97620756969,36197.0,24492.318589520124,51358.64369685461,True
2017-04-03 06:00:00,35693.0,37690.4895987818,47374.47944216354,37127.0,25528.37949799417,53681.62255495947,True
2017-04-03 07:00:00,36715.0,39644.08306013651,50062.284153939734,38795.0,26811.430869310025,56533.678723829136,True
2017-04-03 08:00:00,38827.0,41305.91251497442,51386.940766952095,40678.0,27894.500905413886,58974.42324329937,True
2017-04-03 09:00:00,39545.0,42216.69275006681,52222.850087808874,41086.0,28468.66316547578,60345.97292635257,True
2017-04-03 10:00:00,39345.0,42049.84065503243,50787.21842089524,40332.0,28316.085654620485,60177.32605062999,True
2017-04-03 11:00:00,39242.0,40877.2332129918,49075.41278377446,40463.0,27488.06252275248,58566.294345173636,True
2017-04-03 12:00:00,36756.0,38769.94181737287,45414.2711766473,38981.0,26035.024703558942,55610.07932452886,True
2017-04-03 13:00:00,32686.0,34951.51395053774,40431.98280874569,35628.0,23438.749063306957,50189.368478936056,True
2017-04-03 14:00:00,27940.0,30504.535738532617,35870.05820593165,31084.0,20428.80738433692,43852.41082921069,True
2017-04-03 15:00:00,23930.0,26578.780002735704,31354.38734298528,26493.0,17775.741028442724,38251.09646704259,True
2017-04-03 16:00:00,21880.0,23588.060762751844,28762.33970872585,22921.0,15754.419441074966,33984.25643195701,True
2017-04-03 17:00:00,21440.0,22417.084392845685,28664.217936704656,21411.0,14952.36205099159,32332.44714937834,True
2017-04-03 18:00:00,20875.0,22171.745450000013,26111.383532481195,21181.0,14769.091331100075,32013.321641568342,True
2017-04-03 19:00:00,20210.0,20548.374129113174,24854.581533579345,20321.0,13669.638365841414,29701.43418209055,True
2017-04-03 20:00:00,20524.0,20699.9631438483,25055.42080550726,20086.0,13752.354461787778,29952.735606896167,True
2017-04-03 21:00:00,25607.0,22657.091683928367,26406.406829611115,21742.0,15032.86196570597,32819.80854318209,True
2017-04-03 22:00:00,25542.0,24910.000025323083,28635.268506257198,24805.0,16506.052756277866,36121.74079498329,True
2017-04-03 23:00:00,21395.0,24799.672266741338,27992.212371382313,28075.0,16411.538825924436,35999.969843368235,True
2017-04-04 00:00:00,20022.0,23719.11665103769,28051.242380386226,23832.0,15662.595867157439,34492.00196425837,True
2017-04-04 01:00:00,20421.0,24124.17794573893,29916.688438157067,24043.0,15898.568708422321,35137.5593954594,True
2017-04-04 02:00:00,23067.0,26275.654964992154,32046.83265423853,28163.0,17284.57948214224,38328.58840603079,True
2017-04-04 03:00:00,27451.0,29332.3625659927,36342.81042351988,30208.0,19261.834103331166,42847.84461941755,True
2017-04-04 04:00:00,32210.0,33086.56170146215,40792.04564150509,33973.0,21691.158887679136,48396.86038748051,True
2017-04-04 05:00:00,33813.0,35915.658683255606,45294.706877489654,36197.0,23508.38991149555,52602.97819529641,True
2017-04-04 06:00:00,33934.0,37493.55930282002,47444.53780557551,37127.0,24503.332929841275,54982.726909002646,True
2017-04-04 07:00:00,35838.0,39437.817864013254,50136.485687753455,38795.0,25735.215898587307,57904.381858198714,True
2017-04-04 08:00:00,37752.0,41091.76937130873,51463.277390939475,40678.0,26775.01881564333,60404.73797936238,True
2017-04-04 09:00:00,38341.0,41998.61264682565,52300.60206305437,41086.0,27326.297029613586,61810.11518448015,True
2017-04-04 10:00:00,38090.0,41833.35800881684,50863.00107580706,40332.0,27179.927825592065,61637.96592192695,True
2017-04-04 11:00:00,37954.0,40667.28155923626,49148.803080523525,40463.0,26385.035380823254,59988.154138563834,True
2017-04-04 12:00:00,35951.0,38571.30773386941,45482.33586008827,38981.0,24990.207227866944,56960.57221361225,True
2017-04-04 13:00:00,31872.0,34772.871854729456,40492.71310810989,35628.0,22498.005894631126,51408.60225831291,True
2017-04-04 14:00:00,27532.0,30349.021516600747,35924.05400427233,31084.0,19608.77158001842,44918.10634322211,True
2017-04-04 15:00:00,23687.0,26443.670425471704,31401.688387368216,26493.0,17062.132735906336,39181.10965218021,True
2017-04-04 16:00:00,21332.0,23468.500979109394,28805.824614811496,22921.0,15121.887642711998,34810.93758945338,True
2017-04-04 17:00:00,20448.0,22303.766544148715,28707.648359658167,21411.0,14351.945047106961,33119.31773647324,True
2017-04-04 18:00:00,20194.0,22059.930298790412,26151.0315540783,21181.0,14175.91536619462,32792.74511100434,True
2017-04-04 19:00:00,19652.0,20444.919444274863,24892.40263093738,20321.0,13120.461154981229,30424.774146509597,True
2017-04-04 20:00:00,19993.0,20596.021965078548,25093.629666889396,20086.0,13199.755158497843,30682.562948650368,True
2017-04-04 21:00:00,24804.0,22543.607050115075,26446.762586081848,21742.0,14428.684415371234,33619.87923646672,True
2017-04-04 22:00:00,24870.0,24785.428464125333,28679.124677974665,24805.0,15842.452304775157,37002.56708857766,True
2017-04-04 23:00:00,20743.0,24675.63442709272,28035.175900919065,28075.0,15751.383591315902,36877.777115255565,True
2017-04-05 00:00:00,8177.0,23600.881529292346,28094.397029507847,23832.0,15032.931524170403,35332.37069079506,True
2017-04-05 01:00:00,7284.714285714285,24004.301072063754,29962.823397346147,24043.0,15259.658556529756,35993.23614512236,False
2017-04-05 02:00:00,6392.428571428572,26145.46651139915,32096.3679499036,28163.0,16590.12347229593,39261.71017606273,False
2017-04-05 03:00:00,5500.142857142857,29187.44733950244,36399.11434988522,30208.0,18488.03092911593,43890.88921222019,False
2017-04-05 04:00:00,4607.857142857143,32923.548139229366,40855.38417765234,33973.0,20819.79302657212,49575.01076602838,False
2017-04-05 05:00:00,3715.5714285714284,35739.18156162435,45365.192026636556,36197.0,22563.997004203244,53883.674499822584,False
2017-04-05 06:00:00,2823.2857142857138,37309.81245261249,47518.52933507706,37127.0,23518.89417442033,56321.62140800294,False
2017-04-05 07:00:00,1931.0,39245.0392519865,50214.844062772034,38795.0,24701.163480227446,59314.77459100926,True
2017-04-05 08:00:00,1111.0,40891.41275613226,51543.88138417371,40678.0,25699.02491131863,61876.464776513036,True
2017-04-05 09:00:00,34142.0,41794.349036046755,52382.69136902962,41086.0,26227.958702909124,63316.586774216965,True
2017-04-05 10:00:00,42048.0,41630.40599355869,50943.002354435775,40332.0,26087.26112589033,63140.79077646546,True
2017-04-05 11:00:00,43143.0,40470.46823891436,49226.27032036013,40463.0,25324.096074341527,61451.313353532496,True
2017-04-05 12:00:00,41359.0,38385.09450747704,45554.173808754844,38981.0,23985.125098342705,58350.45130278566,True
2017-04-05 13:00:00,37198.0,34605.406232540714,40556.80313706271,35628.0,21592.94115035902,52663.5428813685,True
2017-04-05 14:00:00,32275.0,30203.21903730662,35981.03082814494,31084.0,18819.741154997875,46015.093577229934,True
2017-04-05 15:00:00,29366.0,26316.94339185842,31451.595503188924,26493.0,16375.400682461395,40138.4303640693,True
2017-04-05 16:00:00,26001.0,23356.309758432475,28851.700449813605,22921.0,14513.088643986874,35661.8850819997,True
2017-04-05 17:00:00,25806.0,22197.406029338275,28753.461854247133,21411.0,13773.987344194738,33929.30656983833,True
2017-04-05 18:00:00,28983.0,21954.990313308546,26192.850684240046,21181.0,13604.887425240979,33595.141887404774,True
2017-04-05 19:00:00,24598.0,20347.89764804447,24932.290597030256,20321.0,12591.796321189478,31169.598692688247,True
2017-04-05 20:00:00,24536.0,20498.5249454717,25133.92236204131,20086.0,12667.742183020304,31434.084882887528,True
2017-04-05 21:00:00,29866.0,22437.15432827451,26489.31481509961,21742.0,13846.968838958743,34443.77574496546,True
2017-04-05 22:00:00,30018.0,24668.6742755914,28725.363021180397,24805.0,15203.544408388214,37909.832902004295,True
2017-04-05 23:00:00,25779.0,24559.670818476225,28080.46840372895,28075.0,15115.946487178824,37782.44613513218,True
2017-04-06 00:00:00,24687.0,23490.320216669563,28139.885888402412,23832.0,14426.679568749805,36198.631581274756,True
2017-04-06 01:00:00,25768.0,23892.19309102189,30011.44815260083,24043.0,14644.372616233586,36875.43099936048,True
2017-04-06 02:00:00,28609.0,26023.719772056258,32148.57069645255,28163.0,15921.234872223153,40223.911137696035,True
2017-04-06 03:00:00,32918.0,29051.92873930815,36458.44372495166,30208.0,17742.60722262453,44966.581436336164,True
2017-04-06 04:00:00,38747.0,32771.11640758928,40922.119012572046,33973.0,19980.284629088874,50790.19331164413,True
2017-04-06 05:00:00,41503.0,35574.17666316063,45439.44886868582,36197.0,21654.037834406307,55204.78105617397,True
2017-04-06 06:00:00,42294.0,37138.032606169094,47596.47210144054,37127.0,22570.26510519228,57702.91587883829,True
2017-04-06 07:00:00,45528.0,39064.84499174067,50297.378417092026,38795.0,23704.64921806688,60769.98856643637,True
2017-04-06 08:00:00,48924.0,40704.17097738023,51628.77243405681,40678.0,24662.022859739096,63395.123110784465,True
2017-04-06 09:00:00,47174.0,41603.49237906974,52469.138056774354,41086.0,25169.357101762107,64871.252765878926,True
2017-04-06 10:00:00,46899.0,41440.81280969904,51027.2417986315,40332.0,25034.06715857596,64691.842726052295,True
2017-04-06 11:00:00,47955.0,40286.65557309517,49307.83342694914,40463.0,24301.435940114116,62961.580308374214,True
2017-04-06 12:00:00,46399.0,38211.22417415964,45629.80257193426,38981.0,23016.264031063256,59785.21757038093,True
2017-04-06 13:00:00,41651.0,34449.079789015756,40624.26855281624,35628.0,20720.457215970386,53959.13499831261,True
2017-04-06 14:00:00,34962.0,30067.14778121524,36041.002597594,31084.0,18059.084247668936,47147.717726312796,True
2017-04-06 15:00:00,29840.0,26198.70142931019,31504.120883804502,26493.0,15713.33725381985,41126.934424169216,True
2017-04-06 16:00:00,26806.0,23251.654340878882,28899.978422639157,22921.0,13926.13652480515,36540.623392919,True
2017-04-06 17:00:00,25364.0,22098.213448244478,28801.669614623628,21411.0,13216.750152313605,34765.81738550965,True
2017-04-06 18:00:00,24472.0,21857.147760908552,26236.85114156436,21181.0,13054.314074637381,34423.88146790346,True
2017-04-06 19:00:00,24085.0,20257.464046419067,24974.25517898856,20321.0,12082.055004858888,31938.943785362473,True
2017-04-06 20:00:00,24084.0,20407.670759003213,25176.30873741673,20086.0,12154.756736301566,32210.40815007868,True
2017-04-06 21:00:00,29733.0,22337.979943285995,26534.073915734978,21742.0,13286.042271309358,35294.92817092109,True
2017-04-06 22:00:00,30028.0,24559.935359006333,28773.994836259168,24805.0,14587.45550974457,38847.19190844059,True
2017-04-06 23:00:00,26180.0,24451.709545334266,28128.100949518863,28075.0,14503.197068955002,38717.21459704288,True
2017-04-07 00:00:00,25714.0,23387.41859610645,28187.72007529267,23832.0,13841.99386601193,37093.88555051967,True
2017-04-07 01:00:00,25937.0,23787.88247706172,30062.5745891885,24043.0,14050.910228028939,37787.30000471153,True
2017-04-07 02:00:00,32630.0,25910.47425367436,32203.45365432385,28163.0,15276.014758251727,41218.61774729471,True
2017-04-07 03:00:00,35462.0,28925.909642884326,36520.81305187029,30208.0,17023.507928666517,46078.751440571126,True
2017-04-07 04:00:00,40144.0,32629.41119853966,40992.266460444305,33973.0,19170.37377724922,52046.725061561454,True
2017-04-07 05:00:00,42199.0,35420.82789985812,45517.49555749735,36197.0,20776.11406466268,56570.98171768495,True
2017-04-07 06:00:00,42852.0,36978.43429588383,47678.38516050191,37127.0,21654.9911898585,59131.49554358439,True
2017-04-07 07:00:00,43989.0,38897.47829884154,50384.10893003234,38795.0,22743.135334121143,62275.153625308725,True
2017-04-07 08:00:00,45828.0,40530.31000524519,51717.97129704047,40678.0,23661.40757431251,64966.04450551672,True
2017-04-07 09:00:00,45681.0,41426.32747378055,52559.96326404924,41086.0,24147.86726746816,66479.55203132209,True
2017-04-07 10:00:00,45813.0,41264.87321352096,51115.7400073625,40332.0,24017.765592891563,66296.52889549962,True
2017-04-07 11:00:00,45145.0,40116.13165444458,49393.51234570494,40463.0,23314.572329133047,64524.18986459262,True
2017-04-07 12:00:00,43697.0,38049.97259487326,45709.24064468201,38981.0,22081.29327808403,61269.818898812635,True
2017-04-07 13:00:00,40279.0,34304.14291395126,40695.12585480912,35628.0,19878.47309480663,55299.82395135876,True
2017-04-07 14:00:00,35301.0,29941.028834135235,36103.98398005414,31084.0,17325.002260337602,48319.84769691144,True
2017-04-07 15:00:00,30490.0,26089.14125001339,31559.277376041595,26493.0,15074.39135523347,42149.98677017204,True
2017-04-07 16:00:00,27014.0,23154.712939723195,28950.6703417971,22921.0,13359.66855240865,37450.13396870673,True
2017-04-07 17:00:00,25097.0,22006.360665037155,28852.28343265009,21411.0,12678.950564653001,35631.67800184766,True
2017-04-07 18:00:00,24623.0,21766.573386142645,26283.043689268154,21181.0,12522.937080820273,35281.752989436,True
2017-04-07 19:00:00,24037.0,20173.77465727939,25018.30664248226,20321.0,11590.078807953862,32735.3831242788,True
2017-04-07 20:00:00,23770.0,20323.618630742094,25220.799162334395,20086.0,11659.642169406754,33014.1207801287,True
2017-04-07 21:00:00,25153.0,22246.259631453835,26581.05083825998,21742.0,12744.649218004295,36176.16323423676,True
2017-04-07 22:00:00,27792.0,24459.40169643845,28825.032021478044,24805.0,13992.813483873113,39817.738388842976,True
2017-04-07 23:00:00,31039.0,24351.927496028235,28178.085192604663,28075.0,13911.771447185978,39685.13639235226,True
2017-04-08 00:00:00,33021.0,23292.34856262778,28237.91129441054,23832.0,13277.598832328134,38021.03151176539,True
2017-04-08 01:00:00,33688.0,23691.54622269825,30116.215217540277,24043.0,13477.99834667363,38731.77318022737,True
2017-04-08 02:00:00,34714.0,25805.92424238139,32261.03025382608,28163.0,14653.098799092555,42249.00381816603,True
2017-04-08 03:00:00,36725.0,28809.608828179895,36586.23759367526,30208.0,16329.231895703604,47230.92615451061,True
2017-04-08 04:00:00,40212.0,32498.68084181507,41065.84368859815,33973.0,18388.388898156227,53348.56799798914,True
2017-04-08 05:00:00,42768.0,35279.40631706034,45599.35119451287,36197.0,19928.43244380238,57986.56142069178,True
2017-04-08 06:00:00,45162.0,36831.301764930555,47764.28856092499,37127.0,20771.220633391466,60611.81851223728,True
2017-04-08 07:00:00,47190.0,38743.23922610829,50475.056830356574,38795.0,21814.69362858119,63834.944284344725,True
2017-04-08 08:00:00,48973.0,40370.14332413379,51811.499807084634,40678.0,22695.18901804865,66594.08500034094,True
2017-04-08 09:00:00,49670.0,41263.17559351224,52655.189223948866,41086.0,23161.47365226717,68146.4340126714,True
2017-04-08 10:00:00,53552.0,41102.90799623417,51208.51864510974,40332.0,23036.366228002742,67959.76629845162,True
2017-04-08 11:00:00,48698.0,39959.2086673267,49483.3280519213,40463.0,22361.58646997721,66143.9094685141,True
2017-04-08 12:00:00,45970.0,37901.63623442808,45792.507475359154,38981.0,21178.40754809622,62808.7658294431,True
2017-04-08 13:00:00,41634.0,34170.86318020122,40769.392391431094,35628.0,19065.37395599129,56689.666420107045,True
2017-04-08 14:00:00,35944.0,29825.09604241029,36169.9903963288,31084.0,16616.09654968784,49535.01606652004,True
2017-04-08 15:00:00,33459.0,25988.46696843982,31617.078485433034,26493.0,14457.353466522336,43210.65883904065,True
2017-04-08 16:00:00,27824.0,23065.667025037004,29003.788620212,22921.0,12812.619184751455,38393.13708354501,True
2017-04-08 17:00:00,26341.0,21922.020404411316,28905.315702706604,21411.0,12159.58320554541,36529.46850033595,True
2017-04-08 18:00:00,30643.0,21683.43820524388,26331.439639575307,21181.0,12009.769038317472,36171.3032602841,True
2017-04-08 19:00:00,25411.0,20096.988008928238,25064.45577590616,20321.0,11114.958844338262,33561.272322968034,True
2017-04-08 20:00:00,24699.0,20246.528491610432,25267.404533206136,20086.0,11181.489133771738,33847.59147277856,True
2017-04-08 21:00:00,25167.0,22162.16866385449,26630.257088612885,21742.0,12221.801013804661,37090.068991819906,True
2017-04-08 22:00:00,28279.0,24367.266005220834,28878.487077837934,24805.0,13418.538388482351,40824.31250118332,True
2017-04-08 23:00:00,32193.0,24260.516135098253,28230.43337666353,28075.0,13340.601063345272,40689.033375642066,True
2017-04-09 00:00:00,34654.0,23205.293598412434,28290.471840769867,23832.0,12732.491643124382,38982.752147287065,True
2017-04-09 01:00:00,35122.0,23603.371269440624,30172.383178353113,24043.0,12924.633222255412,39711.56565690345,True
2017-04-09 02:00:00,34992.0,25710.273657027134,32321.31460061531,28163.0,14051.408740857925,43318.01452237057,True
2017-04-09 03:00:00,36600.0,28703.25427756535,36654.73337950913,30208.0,15658.590036144618,48426.38195625533,True
2017-04-09 04:00:00,39224.0,32379.18284895585,41142.86872451389,33973.0,17633.003324324185,54699.406697370476,True
2017-04-09 05:00:00,41533.0,35150.19180932529,45685.03583654692,36197.0,19109.56717962672,59455.509170575286,True
2017-04-09 06:00:00,44885.0,36696.927567938175,47854.203352380115,37127.0,19917.478683263525,62148.0391420892,True
2017-04-09 07:00:00,47481.0,38602.4358638328,50570.244404933466,38795.0,20917.786208361867,65453.72090784901,True
2017-04-09 08:00:00,49106.0,40223.992310162575,51909.38088456458,40678.0,21761.77780800774,68283.77884383601,True
2017-04-09 09:00:00,50711.0,41114.36557803122,52754.83927397308,41086.0,22208.564355853625,69876.5245618419,True
2017-04-09 10:00:00,51480.0,40955.24506828563,51305.60045070601,40332.0,22088.275403511205,69686.15474830392,True
2017-04-09 11:00:00,49880.0,39816.20571596184,49577.3025593284,40463.0,21440.940178590557,67825.20356109657,True
2017-04-09 12:00:00,49183.0,37766.51806957753,45879.623473568754,38981.0,20306.1580131068,64406.28633007608,True
2017-04-09 13:00:00,41059.0,34049.514014166256,40847.0863671022,35628.0,18279.862415161362,58132.46857814181,True
2017-04-09 14:00:00,34497.0,29719.588299198993,36239.038026883114,31084.0,15931.242191137095,50796.540295296436,True
2017-04-09 15:00:00,29108.0,25896.886960954605,31677.538381729453,26493.0,13861.249681204987,44311.8374891552,True
2017-04-09 16:00:00,27142.0,22984.70172835861,29059.34628028978,22921.0,12284.129490660192,39372.19166622141,True
2017-04-09 17:00:00,24710.0,21845.368797981064,28960.77942674927,21411.0,11657.836768580974,37461.61797333855,True
2017-04-09 18:00:00,23975.0,21607.916607220548,26382.05085833369,21181.0,11514.012325103462,37094.932134051734,True
2017-04-09 19:00:00,23432.0,20027.26588720334,25112.713894783246,20321.0,10655.960236317553,34418.83315835778,True
2017-04-09 20:00:00,25979.0,20176.563498006704,25316.13627798434,20086.0,10719.561605079534,34713.05614813286,True
2017-04-09 21:00:00,26923.0,22085.885815532205,26681.704733095037,21742.0,11716.696616574696,38039.090413096965,True
2017-04-09 22:00:00,26663.0,24283.72503825509,28934.373114176837,24805.0,12863.754441233634,41869.599835947025,True
2017-04-09 23:00:00,24901.0,24177.671524309633,28285.158339732232,28075.0,12788.818792385038,41731.576819553105,True
2017-04-10 00:00:00,25417.0,23126.441508734697,28345.41460518623,23832.0,12205.857054901046,39981.59131094351,True
2017-04-10 01:00:00,26491.0,23523.54890592006,30231.09224795482,24043.0,12389.997542499059,40729.25587515206,True
2017-04-10 02:00:00,29940.0,25623.731133355835,32384.321481454244,28163.0,13470.065316629485,44428.45047389682,True
2017-04-10 03:00:00,33330.0,28607.0792092666,36726.317211167654,30208.0,15010.611366409361,49668.2381257107,True
2017-04-10 04:00:00,37222.0,32271.180628826794,41223.3604631842,33973.0,16903.13232452201,56102.75293729942,True
2017-04-10 05:00:00,39254.0,35033.47067173631,45774.570503977324,36197.0,18318.3510529403,60981.630812618794,True
2017-04-10 06:00:00,40348.0,36575.61095106792,47948.15159413995,37127.0,19092.556606309372,63744.124896235895,True
2017-04-10 07:00:00,42526.0,38475.38336345604,50669.69500783849,38795.0,20051.151143340645,67135.65156839289,True
2017-04-10 08:00:00,45327.0,40092.18573181597,52011.63854563213,40678.0,20859.8683099118,70039.46419991802,True
2017-04-10 09:00:00,45743.0,40980.233858148335,52858.937865558546,41086.0,21287.81380050673,71674.2532985073,True
2017-04-10 10:00:00,45812.0,40822.21994035818,51407.009246623784,40332.0,21172.181136683947,71480.10261284398,True
2017-04-10 11:00:00,45216.0,39687.44934957455,49675.458929085864,40463.0,20551.365814650406,69572.35427806358,True
2017-04-10 12:00:00,42822.0,37644.9281897592,45970.61001849216,38981.0,19463.349434418178,66066.43895898372,True
2017-04-10 13:00:00,38133.0,33940.37530217782,40928.22684970972,35628.0,17520.86707301967,59631.886947267485,True
2017-04-10 14:00:00,33061.0,29624.750175228986,36311.143818453995,31084.0,15269.509261264973,52107.60984642097,True
2017-04-10 15:00:00,28490.0,25814.614581567737,31740.671904688046,26493.0,13285.274102712705,45456.30027575881,True
2017-04-10 16:00:00,25261.0,22912.006626055012,29117.356959238412,22921.0,11773.488002289301,40389.761572076175,True
2017-04-10 17:00:00,24184.0,21776.586229427947,29018.688219622763,21411.0,11173.038566912122,38430.46696160121,True
2017-04-10 18:00:00,23701.0,21540.1872176844,26434.889769863905,21181.0,11035.004949913375,38054.953636891456,True
2017-04-10 19:00:00,22757.0,19964.774039098444,25163.09284638851,20321.0,10212.472474349142,35310.20947146763,True
2017-04-10 20:00:00,22774.0,20113.89082306434,25367.0063608322,20086.0,10273.24752577983,35612.67379333516,True
2017-04-10 21:00:00,26627.0,22017.59428852801,26735.4064033019,21742.0,11228.669257674519,39025.58996189923,True
2017-04-10 22:00:00,26029.0,24208.980458959624,28992.703852527262,24805.0,12327.731965529807,42956.19713025929,True
2017-04-10 23:00:00,24419.0,24103.59467562522,28342.273519454386,28075.0,12255.701493935128,42815.35138581276,True
2017-04-11 00:00:00,25141.0,23055.984865677496,28402.753079545724,23832.0,11697.014040201931,41020.01383083091,True
2017-04-11 01:00:00,26716.0,23452.27530260409,30292.356843935315,24043.0,11873.40750687526,41787.3452174176,True
2017-04-11 02:00:00,30202.0,25546.510662293444,32450.066370257,28163.0,12908.33185795295,45583.03152725284,True
2017-04-11 03:00:00,32511.0,28521.322861331995,36801.00666996853,30208.0,14384.481308711736,50959.52695778468,True
2017-04-11 04:00:00,36794.0,32174.94442848809,41307.33867483901,33973.0,16197.864768086394,57562.02363873555,True
2017-04-11 05:00:00,38828.0,34929.53667448081,45867.977189339486,36197.0,17553.802486581346,62568.63250186961,True
2017-04-11 06:00:00,40203.0,36467.65901885334,48046.156364099246,37127.0,18295.43675637334,65403.94237426126,True
2017-04-11 07:00:00,42438.0,38362.40520046644,50773.43306990316,38795.0,19213.724827695034,68884.80143793572,True
2017-04-11 08:00:00,44545.0,39975.06109179881,52118.29791203598,40678.0,19988.35889912663,71865.37519243943,True
2017-04-11 09:00:00,45582.0,40861.12585402262,52967.510574077794,41086.0,20398.102357628286,73543.9466246028,True
2017-04-11 10:00:00,49153.0,40704.17713939675,51512.769948717425,40332.0,20286.974137092166,73345.91844832747,True
2017-04-11 11:00:00,45234.0,39573.274943742515,49777.82127921386,40463.0,19691.790490143525,71389.54955589131,True
2017-04-11 12:00:00,43166.0,37537.18511401838,46065.48946763378,38981.0,18648.969187974446,67793.19554245907,True
2017-04-11 13:00:00,38921.0,33843.73458256607,41012.83377840709,35628.0,16787.47932484576,61191.50215695682,True
2017-04-11 14:00:00,33816.0,29540.832965503032,36386.325490982,31084.0,14630.108361580742,53471.34990773636,True
2017-04-11 15:00:00,31711.0,25741.869083020232,31806.494570143226,26493.0,12728.741953010724,46646.770424387534,True
2017-04-11 16:00:00,26476.0,22847.77656486326,29177.83491464651,22921.0,11280.089596936694,41448.26389758482,True
2017-04-11 17:00:00,25891.0,21715.858124910545,29079.056314630092,21411.0,10704.615916266876,39438.312929112624,True
2017-04-11 18:00:00,30699.0,21480.43368309703,26489.96936204201,21181.0,10572.182800644372,39053.64051340175,True
2017-04-11 19:00:00,24558.0,19909.682896234113,25215.605014596284,20321.0,9783.974827637814,36237.508052085286,True
2017-04-11 20:00:00,24202.0,20058.682390387723,25420.027287018922,20086.0,9842.024357815832,36548.56726807443,True
2017-04-11 21:00:00,28126.0,21957.48251885174,26791.375301291835,21742.0,10757.149162851756,40051.8918497843,True
2017-04-11 22:00:00,27402.0,24143.239723398667,29053.493633731272,24805.0,11809.84685712034,44086.66046505622,True
2017-04-11 23:00:00,25680.0,24038.49240690227,28401.7929585793,28075.0,11740.630089949329,43942.902635596685,True
2017-04-12 00:00:00,26149.0,22994.121832825622,28462.50136232645,23832.0,11205.378594897675,42100.44997818147,True
2017-04-12 01:00:00,27347.0,23389.75235582102,30356.19203104721,24043.0,11374.275850728483,42888.3024015482,True
2017-04-12 02:00:00,30588.0,25478.832513340156,32518.56543442231,28163.0,12365.57482591576,46784.444340802576,True
2017-04-12 03:00:00,34428.0,28446.231527427255,36878.820123947895,30208.0,13779.498427340093,52303.24608053456,True
2017-04-12 04:00:00,38528.0,32090.752506068722,41394.82401303843,33973.0,15516.415135026595,59080.59908774096,True
2017-04-12 05:00:00,40610.0,34838.692340527305,45965.278866329114,36197.0,16815.074259449393,64220.18311536172,True
2017-04-12 06:00:00,41248.0,36373.388072236725,48148.24176822211,37127.0,17525.23981795802,67131.3217031519,True
2017-04-12 07:00:00,43036.0,38263.834585722696,50881.48410871718,38795.0,18404.587260698976,70705.19976437374,True
2017-04-12 08:00:00,44845.0,39872.966101104175,52229.38522140746,40678.0,19146.295709120586,73765.71094741908,True
2017-04-12 09:00:00,45444.0,40757.3974854106,53080.58410931084,41086.0,19538.459598223595,75489.89756666332,True
2017-04-12 10:00:00,44928.0,40601.47171639486,51622.90857642545,40332.0,19431.691990744966,75287.87987616463,True
2017-04-12 11:00:00,44204.0,39474.02816872023,49884.41479446879,40463.0,18861.28247446233,73280.94944073108,True
2017-04-12 12:00:00,42500.0,37443.617186196934,46164.2851659763,38981.0,17862.13704208162,69590.50347250112,True
2017-04-12 13:00:00,38314.0,33759.88830568901,41100.92797177964,35628.0,16078.90861791968,62814.874588112376,True
2017-04-12 14:00:00,33499.0,29468.09579107813,36464.60154486859,31084.0,14012.352021449135,54890.86951644064,True
2017-04-12 15:00:00,28275.0,25678.876578741096,31875.022576361396,26493.0,12191.056327246304,47885.958389797386,True
2017-04-12 16:00:00,25223.0,22792.212517359676,29240.79503032331,22921.0,10803.40632562229,42550.10554066371,True
2017-04-12 17:00:00,23618.0,21663.375767650356,29141.89856936292,21411.0,10252.068720999903,40487.44470920806,True
2017-04-12 18:00:00,23357.0,21428.845477857994,26547.303191619936,21181.0,10125.05282968447,40093.25800613483,True
2017-04-12 19:00:00,22825.0,19862.168323905375,25270.26332495327,20321.0,9370.01176425259,37202.82968190036,True
2017-04-12 20:00:00,23065.0,20011.115630076165,25475.212108042873,20086.0,9425.434589428996,37522.854318033766,True
2017-04-12 21:00:00,25814.0,21905.745005506276,26849.625204994776,21742.0,10301.6370308284,41120.31570424277,True
2017-04-12 22:00:00,25424.0,24086.716992981652,29116.75742331634,24805.0,11309.551735465324,45263.54198126901,True
2017-04-12 23:00:00,25488.0,23982.578250976167,28463.73131071587,28075.0,11243.061146354676,45116.77328883649,True
2017-04-13 00:00:00,26783.0,22941.057036554997,28524.674164375734,23832.0,10730.437233064198,43225.329482946974,True
2017-04-13 01:00:00,28208.0,23336.188575706667,30422.613527379355,24043.0,10892.085468978203,44034.59750701362,True
2017-04-13 02:00:00,30714.0,25420.92420355718,32589.835541459423,28163.0,11841.235632468215,48035.37889962452,True
2017-04-13 03:00:00,34240.0,28382.05964062127,36959.77673538787,30208.0,13195.04351659197,53702.39869555875,True
2017-04-13 04:00:00,38197.0,32018.89235554572,41485.838023137454,33973.0,14858.089202801293,60661.86778600036,True
2017-04-13 05:00:00,40100.0,34761.250277584324,46066.49949921889,36197.0,16101.416812435791,65939.96240079345,True
2017-04-13 06:00:00,41247.0,36293.12500158348,48254.43295042354,37127.0,16781.187036887033,68930.1062814707,True
2017-04-13 07:00:00,43759.0,38180.015933345916,50993.874739088875,38795.0,17622.922849401068,72600.89168249512,True
2017-04-13 08:00:00,45362.0,39786.26021119761,52344.92783801635,40678.0,18332.832314269675,75744.68907141553,True
2017-04-13 09:00:00,45920.0,40669.4167404579,53198.18632639584,41086.0,18708.02359719539,77516.41994214882,True
2017-04-13 10:00:00,45481.0,40514.47081179179,51737.45226343834,40332.0,18605.479113406906,77310.28706615098,True
2017-04-13 11:00:00,44630.0,39390.06651386961,49995.26573667018,40463.0,18059.012722394935,75250.73764078316,True
2017-04-13 12:00:00,42197.0,37364.56402333387,46267.0214555532,38981.0,17102.069089140838,71462.33419873749,True
2017-04-13 13:00:00,38038.0,33689.14314198896,41192.53113638156,35628.0,15394.450303656424,64505.58773688465,True
2017-04-13 14:00:00,33675.0,29406.80674271707,36545.99126856313,31084.0,13415.626953129495,56369.299106883016,True
2017-04-13 15:00:00,28785.0,25625.871041094815,31946.272810683844,26493.0,11671.68428501892,49176.59431814727,True
2017-04-13 16:00:00,25256.0,22745.522469461965,29306.252822402814,22921.0,10342.966424874467,43697.71179071706,True
2017-04-13 17:00:00,23725.0,21619.33714287729,29207.230471795294,21411.0,9814.949741790802,41580.1694716356,True
2017-04-13 18:00:00,23613.0,21385.61874148262,26606.90538978643,21181.0,9693.173744792923,41176.090330489395,True
2017-04-13 19:00:00,22979.0,19822.41239832341,25327.081249980776,20321.0,8970.175243994863,38208.2934921583,True
2017-04-13 20:00:00,23474.0,19971.374263095644,25532.574426985615,20086.0,9023.0680831927,38537.67193601914,True
2017-04-13 21:00:00,25723.0,21862.583170547336,26910.170473864844,21742.0,9861.684911874245,42233.203044114314,True
2017-04-13 22:00:00,25455.0,24039.634081702952,29182.51081763536,24805.0,10826.35513628759,46489.41878398596,True
2017-04-13 23:00:00,26614.0,23936.073400315865,28528.10384634511,28075.0,10762.50636836546,46339.53180105963,True
2017-04-14 00:00:00,27947.0,22897.00247127735,28589.28681494621,23832.0,10271.727848290462,44397.10840450779,True
2017-04-14 01:00:00,29465.0,23291.800008666778,30491.637710806644,24043.0,10426.370357825044,45228.72890897025,True
2017-04-14 02:00:00,34479.0,25373.02150419306,32663.894265909665,28163.0,11334.81026775323,49338.55747903822,True
2017-04-14 03:00:00,34195.0,28329.070899221482,37043.896468680934,30208.0,12630.557239844426,55160.02554332449,True
2017-04-14 04:00:00,37885.0,31959.661979036675,41580.4031511287,33973.0,14222.259212708068,62309.26213400778,True
2017-04-14 05:00:00,40343.0,34697.53456174025,46171.664052694265,36197.0,15412.15167932837,67731.69934017888,True
2017-04-14 06:00:00,43572.0,36227.208733775056,48364.75610288985,37127.0,16062.572860590213,70804.19246983774,True
2017-04-14 07:00:00,45866.0,38111.306385654316,51110.632683970245,38795.0,16867.992002580962,74575.97960918403,True
2017-04-14 08:00:00,47467.0,39715.31620582253,52464.95426400437,40678.0,17547.200500499854,77806.58843456907,True
2017-04-14 09:00:00,47804.0,40597.56530561897,53320.34623726414,41086.0,17906.011418128368,79627.89174770153,True
2017-04-14 10:00:00,51332.0,40443.5552819553,51856.4292688386,40332.0,17807.557695189702,79417.50563052144,True
2017-04-14 11:00:00,47088.0,39321.760871701066,50110.40145548272,40463.0,17284.22695102742,77303.16292195275,True
2017-04-14 12:00:00,44135.0,37300.378020818476,46373.72368544357,38981.0,16368.051557891897,73412.72221304783,True
2017-04-14 13:00:00,39830.0,33631.81734140578,41287.665875649174,35628.0,14733.462288198465,66267.28311760286,True
2017-04-14 14:00:00,35293.0,29357.24406953108,36630.51474648327,31084.0,12839.373893409564,57909.82076735471,True
2017-04-14 15:00:00,33261.0,25583.095338967607,32020.26285646224,26493.0,11170.13947347833,50521.454235732956,True
2017-04-14 16:00:00,28139.0,22707.922342967686,29374.224445716267,22921.0,9898.339057479965,44893.549419762545,True
2017-04-14 17:00:00,26855.0,21583.947816192824,29275.068146644964,21411.0,9392.850244888983,42718.83452740794,True
2017-04-14 18:00:00,32510.0,21350.9571489592,26668.7906679708,21181.0,9276.14196169023,42304.46210554356,True
2017-04-14 19:00:00,26349.0,19790.604214736857,25386.07281470853,20321.0,8584.091832451666,39256.05670253643,True
2017-04-14 20:00:00,25028.0,19939.64911687105,25592.12840409982,20086.0,8634.549226295276,39595.19612540113,True
2017-04-14 21:00:00,25999.0,21828.20625344438,26973.02605477911,21742.0,9436.882284225287,43392.93878179845,True
2017-04-14 22:00:00,27558.0,24002.22144125355,29250.770050273797,24805.0,10359.806355822322,47766.91644274384,True
2017-04-14 23:00:00,30892.0,23899.207689579485,28594.926459093746,28075.0,10298.517660940131,47613.79562274091,True
2017-04-15 00:00:00,33619.0,22862.178441083088,28656.35526799413,23832.0,9828.825762584564,45618.29105252156,True
2017-04-15 01:00:00,34340.0,23256.811197009753,30563.28162571962,24043.0,9976.701716256179,46473.245295199835,True
2017-04-15 02:00:00,35159.0,25335.36948796186,32740.75989656863,28163.0,10845.834437280271,50696.758363552275,True
2017-04-15 03:00:00,36239.0,28287.539438172946,37131.200098534406,30208.0,12085.523810340033,56679.23112394875,True
2017-04-15 04:00:00,39377.0,31913.371210693975,41678.54275286752,33973.0,13608.345740023817,64026.287746879454,True
2017-04-15 05:00:00,41786.0,34647.88217734005,46280.79850211421,36197.0,14746.652083852032,69599.20371377024,True
2017-04-15 06:00:00,44682.0,36175.99173824476,48479.238476844854,37127.0,15368.74495180038,72757.56229182212,True
2017-04-15 07:00:00,47122.0,38058.07740034364,51231.786785852346,38795.0,16139.110374175632,76634.6573942688,True
2017-04-15 08:00:00,49148.0,39660.521857920285,52589.494151102146,40678.0,16788.68890124515,79955.784511879,True
2017-04-15 09:00:00,49844.0,40542.24026239136,53447.09402256746,41086.0,17131.69753459079,81828.79104525986,True
2017-04-15 10:00:00,49249.0,40389.12139247935,51979.86898871886,40332.0,17037.206452561557,81614.00214472544,True
2017-04-15 11:00:00,47672.0,39269.49718712555,50229.85039966148,40463.0,16536.22521470193,79442.57342892369,True
2017-04-15 12:00:00,44234.0,37251.4259196364,46484.41822219529,38981.0,15659.421653067557,75445.79740978529,True
2017-04-15 13:00:00,40101.0,33588.24214899129,41386.35569919539,35628.0,14095.347944697698,68103.68926856946,True
2017-04-15 14:00:00,34802.0,29319.697416865216,36718.19286727434,31084.0,12283.072847750493,59515.69341361707,True
2017-04-15 15:00:00,29947.0,25550.802318428203,32097.011000289338,26493.0,10685.969404602227,51923.381862645285,True
2017-04-15 16:00:00,26546.0,22679.636956469898,29444.72670043636,22921.0,9469.123137741086,46140.14593758617,True
2017-04-15 17:00:00,24514.0,21557.421848548987,29345.428362005383,21411.0,8985.389490393234,43905.84553161668,True
2017-04-15 18:00:00,23997.0,21325.072817463155,26732.974323894552,21181.0,8873.581312333044,43480.75626439848,True
2017-04-15 19:00:00,23729.0,19766.940729380127,25447.252602443943,20321.0,8211.413258227174,40348.331135550914,True
2017-04-15 20:00:00,23499.0,19916.138975089343,25653.88876263445,20086.0,8259.527512381434,40697.658453065014,True
2017-04-15 21:00:00,23641.0,21802.83224303284,27038.20748818684,21742.0,9026.845846776716,44601.96925197215,True
2017-04-15 22:00:00,25589.0,23974.71918762473,29321.55199872882,24805.0,9909.484338008222,49098.72871670014,True
2017-04-15 23:00:00,29051.0,23872.220619640204,28664.21567227386,28075.0,9850.676172369705,48942.250743056924,True
2017-04-16 00:00:00,31575.0,22836.814541222127,28725.89610874429,23832.0,9401.333492572327,46891.44844732658,True
2017-04-16 01:00:00,32667.0,23231.4561792725,30637.562990038376,24043.0,9542.677748721935,47770.76424408008,True
2017-04-16 02:00:00,33067.0,25308.22362083081,32820.451444012375,28163.0,10373.872654969575,52112.83589656818,True
2017-04-16 03:00:00,34418.0,28257.75105035131,37221.70921852011,30208.0,11559.459013293244,58263.205897779546,True
2017-04-16 04:00:00,36791.0,31880.343097111225,41780.28110368431,33973.0,13015.804384837107,65816.54831298164,True
2017-04-16 05:00:00,39944.0,34612.64451845807,46393.92984420251,36197.0,14104.328693551788,71546.3929031175,True
2017-04-16 06:00:00,43009.0,36139.84159757583,48597.908393766586,37127.0,14699.089511787945,74794.31124011926,True
2017-04-16 07:00:00,45696.0,38020.71640585173,51357.367018638804,38795.0,15435.633618523292,78781.23939740412,True
2017-04-16 08:00:00,47209.0,39622.28165787866,52718.57831283549,40678.0,16056.627304194128,82196.77951148372,True
2017-04-16 09:00:00,48731.0,40503.85585724465,53578.46104410358,41086.0,16384.397976908815,84123.72659220798,True
2017-04-16 10:00:00,48569.0,40351.58258467851,52107.80196828497,40332.0,16293.745015889006,83904.37450193761,True
2017-04-16 11:00:00,47254.0,39233.678178145325,50353.642128765605,40463.0,15814.346895189941,81673.44604876661,True
2017-04-16 12:00:00,46517.0,37218.09044164241,46599.13246068186,38981.0,14975.553473088159,77565.81280360065,True
2017-04-16 13:00:00,39696.0,33558.76328209179,41488.62503249122,35628.0,13479.543552708075,70018.64662482451,True
2017-04-16 14:00:00,34340.0,29294.46911813175,36809.04733241192,31084.0,11746.23224238812,61190.27439959098,True
2017-04-16 15:00:00,29172.0,25529.255930580104,32176.53623953073,26493.0,10218.746100825534,53385.307359809245,True
2017-04-16 16:00:00,27527.0,22660.90102832022,29517.777038996453,22921.0,9054.93911427403,47440.106158050934,True
2017-04-16 17:00:00,24531.0,21539.982751344807,29418.328536252495,21411.0,8592.207001695177,45143.68216130938,True
2017-04-16 18:00:00,23921.0,21308.187252905987,26799.472247872476,21181.0,8485.135475288766,44707.42949670767,True
2017-04-16 19:00:00,22566.0,19751.627638485825,25510.63576077968,20321.0,7851.809466962162,41487.39747064586,True
2017-04-16 20:00:00,23903.0,19901.05146498668,25717.87079490033,20086.0,7897.670612928819,41847.36035184953,True
2017-04-16 21:00:00,22465.0,21786.688850655955,27105.730914511965,21742.0,8631.212009121638,45862.81780547451,True
2017-04-16 22:00:00,21467.0,23957.378173174176,29394.87419136302,24805.0,9474.989497473569,50487.634633604684,True
2017-04-16 23:00:00,24090.0,23855.362427051317,28735.988645691075,28075.0,9418.584231541567,50327.668629252046,True
2017-04-17 00:00:00,27142.0,22821.150683234773,28797.926560523963,23832.0,8988.873218928165,48219.23435484222,True
2017-04-17 01:00:00,29532.0,23215.97953513276,30714.50020251408,24043.0,9123.916161652389,49123.98839223568,True
2017-04-17 02:00:00,32557.0,25291.85090257592,32902.988648432314,28163.0,9918.51021763382,53589.73795858114,True
2017-04-17 03:00:00,35039.0,28240.004462525034,37315.44624997456,30208.0,11051.90139240148,59915.245668808595,True
2017-04-17 04:00:00,37787.0,31860.915339650543,41885.64340839101,33973.0,12444.115978955662,67683.76732955936,True
2017-04-17 05:00:00,39088.0,34592.1889578599,46511.0861081767,36197.0,13484.619137179288,73577.3153588187,True
2017-04-17 06:00:00,40256.0,36119.1426488402,48720.79525706331,37127.0,14053.020480721001,76918.67265417891,True
2017-04-17 07:00:00,42252.0,37999.628531432914,51487.40450000292,38795.0,14756.946172597662,81020.1860114468,True
2017-04-17 08:00:00,44085.0,39601.018619936964,52852.23873723024,40678.0,15350.375103296734,84534.22885273909,True
2017-04-17 09:00:00,44628.0,40482.84535175027,53714.4798577467,41086.0,15663.458666245402,86517.4647919557,True
2017-04-17 10:00:00,48534.0,40331.37132228662,52240.259914451155,40332.0,15576.522440481946,86293.3786515468,True
2017-04-17 11:00:00,44420.0,39214.72513482339,50481.80732534778,40463.0,15117.959656009294,84000.4123054397,True
2017-04-17 12:00:00,41431.0,37200.771999371296,46717.894835400046,38981.0,14315.847646765505,79777.16899939263,True
2017-04-17 13:00:00,37731.0,33543.74247499615,41594.49922693899,35628.0,12885.50905457698,72016.12950010826,True
2017-04-17 14:00:00,32978.0,29281.875545759594,36903.10066515244,31084.0,11228.380941028581,62937.03863670197,True
2017-04-17 15:00:00,31770.0,25518.732411125737,32258.85829016035,26493.0,9768.059210783089,54910.263932240196,True
2017-04-17 16:00:00,26743.0,22651.96022566621,29593.393573289955,22921.0,8655.422922573867,48796.126886243015,True
2017-04-17 17:00:00,25911.0,21531.86448548305,29493.78674523015,21411.0,8212.956876137447,46434.912029276056,True
2017-04-17 18:00:00,30574.0,21300.53234013554,26868.30092936851,21181.0,8110.4624047907255,45987.0259675536,True
2017-04-17 19:00:00,24426.0,19744.88029791132,25576.238007843145,20321.0,7504.963509338991,42675.6179200562,True
2017-04-17 20:00:00,23649.0,19894.60398571019,25784.09036857974,20086.0,7548.659278008029,43046.6858521283,True
2017-04-17 21:00:00,25967.0,21780.01452844197,27175.613080813142,21742.0,8249.631364455161,47178.09870425936,True
2017-04-17 22:00:00,24698.0,23950.461108510426,29470.754814637654,24805.0,9055.937701510005,51936.51372301154,True
2017-04-17 23:00:00,24052.0,23848.895203302807,28810.263182726198,28075.0,9001.85941402803,51772.92135007735,True
2017-04-18 00:00:00,24619.0,22815.438167912962,28872.464491871575,23832.0,8591.081246167385,49604.39963150231,True
2017-04-18 01:00:00,26015.0,23210.637479177014,30794.112350322957,24043.0,8720.04864484902,50535.71992396997,True
2017-04-18 02:00:00,29308.0,25286.531060775487,32988.39198778325,28163.0,9479.347303922228,55130.521656139834,True
2017-04-18 03:00:00,33075.0,28234.612671219977,37412.43445125416,30208.0,10562.405770803858,61638.76900920294,True
2017-04-18 04:00:00,36770.0,31855.441804616996,41994.65581168559,33973.0,11892.779388083343,69631.8076682395,True
2017-04-18 05:00:00,38694.0,34586.900489915206,46632.29636731915,36197.0,12886.980301363112,75696.17175211571,True
2017-04-18 06:00:00,39135.0,36114.29770245069,48847.929564212805,37127.0,13429.971602561289,79135.03971847073,True
2017-04-18 07:00:00,41289.0,37995.23841909366,51621.93150423594,38795.0,14102.453014829767,83356.12672136145,True
2017-04-18 08:00:00,43672.0,39597.176174227556,52990.50860002048,40678.0,14669.312816090223,86972.96511442537,True
2017-04-18 09:00:00,43987.0,40479.66296058785,53855.18422689211,41086.0,14968.246846363718,89014.95409599517,True
2017-04-18 10:00:00,43538.0,40328.94102603573,52377.27570893432,40332.0,14884.908769339738,88785.9528348366,True
2017-04-18 11:00:00,42555.0,39213.079804024004,50614.37780762631,40463.0,14446.451331642766,86428.28185481692,True
2017-04-18 12:00:00,40497.0,37199.89048752258,46840.73483221451,38981.0,13679.723724461266,82084.43641738256,True
2017-04-18 13:00:00,35698.0,33543.559097505255,41704.0045703444,35628.0,12312.721269454427,74100.26607217759,True
2017-04-18 14:00:00,31807.0,29282.248526914776,37000.376219837286,31084.0,10729.062384737781,64759.595993734816,True
2017-04-18 15:00:00,27128.0,25519.52151659012,32343.997594905813,26493.0,9333.510956513734,56501.4029537968,True
2017-04-18 16:00:00,24236.0,22653.07226397231,29671.59508215301,22921.0,8270.22154691167,50211.01031060306,True
2017-04-18 17:00:00,23203.0,21533.312508593826,29571.821729718587,21411.0,7847.303610177236,47782.20338306613,True
2017-04-18 18:00:00,22784.0,21302.35138096302,26939.477463808853,21181.0,7749.230243241956,47322.18985034549,True
2017-04-18 19:00:00,22358.0,19746.924687264884,25644.07563879151,20321.0,7170.567790749991,43915.44781963761,True
2017-04-18 20:00:00,22162.0,19897.024681684943,25852.56393328368,20086.0,7212.183595736166,44298.11323432002,True
2017-04-18 21:00:00,25494.0,21783.059537034667,27247.871347704975,21742.0,7881.764635641203,48550.52985028946,True
2017-04-18 22:00:00,24659.0,23954.24373896165,29549.212720629046,24805.0,8651.955856571774,53448.35998375491,True
2017-04-18 23:00:00,22520.0,23853.09406863255,28887.05773769379,28075.0,8600.130190783575,53280.99545505251,True
2017-04-19 00:00:00,23000.0,22819.940810666696,28949.52842392235,23832.0,8207.603943099368,51049.80541342795,True
2017-04-19 01:00:00,23408.0,23215.69900819664,30876.419216956456,24043.0,8330.716830317508,52008.87391492227,True
2017-04-19 02:00:00,26398.0,25292.55780335046,33076.68268624922,28163.0,9055.994655429944,56738.36779119928,True
2017-04-19 03:00:00,30391.0,28241.904344213508,37512.69792735147,30208.0,10090.538511409355,63437.333350654895,True
2017-04-19 04:00:00,35175.0,31864.294107767535,42107.3454089626,33973.0,11361.306248541152,71664.68966579514,True
2017-04-19 05:00:00,37794.0,34597.18345452935,46757.590750999574,36197.0,12310.88269982921,77907.33455481935,True
2017-04-19 06:00:00,37808.0,36125.72984593301,48979.3429193742,37127.0,12829.39062689866,81447.98584852908,True
2017-04-19 07:00:00,39964.0,38007.99212521252,51760.981475594526,38795.0,13471.573645265093,85793.88149563925,True
2017-04-19 08:00:00,41812.0,39611.2201526376,53133.422278369806,40678.0,14012.835889371534,89518.0202736878,True
2017-04-19 09:00:00,42435.0,40494.7858858254,54000.60913642096,41086.0,14298.144828672532,91621.34768658227,True
2017-04-19 10:00:00,41789.0,40344.76810451103,52518.883421855026,40332.0,14218.288875579086,91387.24013458981,True
2017-04-19 11:00:00,40959.0,39229.20636811696,50751.3865426472,40463.0,13799.224009875838,88962.06436564194,True
2017-04-19 12:00:00,39052.0,37215.887163918786,46967.683000555364,38981.0,13066.614628155972,84492.37601036463,True
2017-04-19 13:00:00,35257.0,33558.61185448322,41817.16829779202,35628.0,11760.66894488231,76275.35702905996,True
2017-04-19 14:00:00,30981.0,29295.936830179686,37100.898191555374,31084.0,10247.830319824905,66661.7075452777,True
2017-04-19 15:00:00,26167.0,25531.92782261568,32431.975331706682,26493.0,8914.712450858306,58162.00810344113,True
2017-04-19 16:00:00,23643.0,22664.508061844394,29752.40101913506,22921.0,7898.989786581729,51687.67653061707,True
2017-04-19 17:00:00,22507.0,21544.584875023807,29652.452903189696,21411.0,7494.919058250137,49188.33699444601,True
2017-04-19 18:00:00,21650.0,21313.900184584356,27013.019559656994,21181.0,7401.11434447497,48715.677070647616,True
2017-04-19 19:00:00,21118.0,19757.998422780664,25714.165532555973,20321.0,6848.321340807378,45209.44649900376,True
2017-04-19 20:00:00,21260.0,19908.553465281417,25923.3085273605,20086.0,6887.940269616932,45604.225965893995,True
2017-04-19 21:00:00,24110.0,21796.087067497872,27322.523696543925,21742.0,7527.279725210484,49982.94474259579,True
2017-04-19 22:00:00,24278.0,23969.01608083796,29630.267434832713,24805.0,8262.678697453273,55026.29501510441,True
2017-04-19 23:00:00,21749.0,23868.248405599217,28966.391423481953,28075.0,8213.032763392954,54855.00503314556,True
2017-04-20 00:00:00,21597.0,22834.936124296295,29029.13753807673,23832.0,7838.094793968904,52558.43554623957,True
2017-04-20 01:00:00,22534.0,23231.447107118674,30961.441290412833,24043.0,7955.569359873734,53546.49092558774,True
2017-04-20 02:00:00,25430.0,25310.240135236607,33167.88272303225,28163.0,8648.070445651785,58416.594534659365,True
2017-04-20 03:00:00,29115.0,28262.22529391766,37616.261639877164,30208.0,9635.874083571805,65314.65020858368,True
2017-04-20 04:00:00,33220.0,31887.86328024162,42223.74025753437,33973.0,10849.217157411716,73786.60825864584,True
2017-04-20 05:00:00,34833.0,34623.46334981796,46887.00045715305,36197.0,11755.806400218364,80215.36660320297,True
2017-04-20 06:00:00,35932.0,36153.884340715165,49115.06804647842,37127.0,12250.735117250024,83862.28403786283,True
2017-04-20 07:00:00,38418.0,38038.359120392706,51904.589042154344,38795.0,12863.737736101624,88338.48110615707,True
2017-04-20 08:00:00,40238.0,39643.64087743248,53281.015365112275,40678.0,13380.350226106395,92174.6468498303,True
2017-04-20 09:00:00,40763.0,40528.71645664789,54150.79080719382,41086.0,13652.545477716996,94342.02506108143,True
